id,run,city,start_time,end_time,player_dir,tmy,month,slack_node,settings_file,flexible_houses,PV_share,EV_share,Batt_share,line_capacity,market_data,EV_data,EV_speed,p_max,load_forecast,unresp_factor,fixed_tariff,interval,allocation_rule,delta,ref_price,price_intervals,which_price,include_SO,prec,M,Comment
0,Diss,Austin,2016-07-01 00:00,2016-07-31 23:59,players_Austin,722540TYA.tmy3,july,node_149,,0,0,0,0,100000,Ercot_HBSouth.csv,None,slow,100,myopic,0,FALSE,300,by_award,3,historical,288,DA,FALSE,4,10000,Determine ADMD
1,Diss,Austin,2016-07-01 00:00,2016-07-31 23:59,players_Austin,722540TYA.tmy3,july,node_149,,0,1,1,1,100000,Ercot_HBSouth.csv,None,slow,100,myopic,0,FALSE,300,by_award,3,historical,288,DA,FALSE,4,10000,Placement
2,Diss,Austin,2016-01-01 00:00,2016-12-31 23:59,players_Austin,722540TYA.tmy3,july,node_149,,0,0,0,0,100000,Ercot_HBSouth.csv,None,slow,100,myopic,0,FALSE,300,by_award,3,historical,288,DA,FALSE,4,10000,"Baseline, no market"
3,Diss,Austin,2016-01-01 00:00,2016-12-31 23:59,players_Austin,722540TYA.tmy3,july,node_149,,0,0.25,0.1,0,100000,Ercot_HBSouth.csv,None,slow,100,myopic,0,FALSE,300,by_award,3,historical,288,DA,FALSE,4,10000,"Baseline 2, some DER, fixed price"
4,Diss,Austin,2016-04-24 00:00,2016-05-01 23:59,players_Austin,722540TYA.tmy3,july,node_149,,437,0.25,0.1,0,100000,Ercot_HBSouth.csv,None,slow,10000,myopic,0,FALSE,300,by_award,3,historical,12,none,FALSE,4,10000,HVAC powernet bidding (no corrected setpoint); EV powernet (no current price dep); bidding setting testing
5,Diss,Austin,2016-04-24 00:00,2016-05-01 23:59,players_Austin,722540TYA.tmy3,july,node_149,,437,0.25,0.1,0,100000,Ercot_HBSouth.csv,None,slow,10000,myopic,0,FALSE,300,by_award,3,historical,12,none,FALSE,4,10000,"HVAC TESS bidding, EV TESS-like; reference price testing"
6,Diss,Austin,2016-04-24 00:00,2016-05-01 23:59,players_Austin,722540TYA.tmy3,july,node_149,,437,0.25,0.1,0,100000,Ercot_HBSouth.csv,None,slow,10000,myopic,0,FALSE,300,by_award,3,historical,24,none,FALSE,4,10000,"HVAC TESS bidding, EV TESS-like; reference price testing"
7,Diss,Austin,2016-04-24 00:00,2016-05-01 23:59,players_Austin,722540TYA.tmy3,july,node_149,,437,0.25,0.1,0,100000,Ercot_HBSouth.csv,None,slow,10000,myopic,0,FALSE,300,by_award,3,historical,36,none,FALSE,4,10000,"HVAC TESS bidding, EV TESS-like; reference price testing"
8,Diss,Austin,2016-04-24 00:00,2016-05-01 23:59,players_Austin,722540TYA.tmy3,july,node_149,,437,0.25,0.1,0,100000,Ercot_HBSouth.csv,None,slow,10000,myopic,0,FALSE,300,by_award,3,historical,96,none,FALSE,4,10000,"HVAC TESS bidding, EV TESS-like; reference price testing"
9,Diss,Austin,2016-04-24 00:00,2016-05-01 23:59,players_Austin,722540TYA.tmy3,july,node_149,,437,0.25,0.1,0,100000,Ercot_HBSouth.csv,None,slow,10000,myopic,0,FALSE,300,by_award,3,historical,288,none,FALSE,4,10000,"HVAC TESS bidding, EV TESS-like; reference price testing"
10,Diss,Austin,2016-04-24 00:00,2016-05-01 23:59,players_Austin,722540TYA.tmy3,july,node_149,,437,0.25,0.1,0,100000,Ercot_HBSouth.csv,None,slow,10000,myopic,0,FALSE,300,by_award,3,forward,24,none,FALSE,4,10000,"HVAC TESS bidding, EV TESS-like; reference price testing"
11,Diss,Austin,2016-04-24 00:00,2016-05-01 23:59,players_Austin,722540TYA.tmy3,july,node_149,,437,0.25,0.1,0,100000,Ercot_HBSouth.csv,None,slow,10000,myopic,0,FALSE,300,by_award,3,forward,36,none,FALSE,4,10000,"HVAC TESS bidding, EV TESS-like; reference price testing"
12,Diss,Austin,2016-04-24 00:00,2016-05-01 23:59,players_Austin,722540TYA.tmy3,july,node_149,,437,0.25,0.1,0,100000,Ercot_HBSouth.csv,None,slow,10000,myopic,0,FALSE,300,by_award,3,forward,96,none,FALSE,4,10000,"HVAC TESS bidding, EV TESS-like; reference price testing"
13,Diss,Austin,2016-04-24 00:00,2016-05-01 23:59,players_Austin,722540TYA.tmy3,july,node_149,,437,0.25,0.1,0,100000,Ercot_HBSouth.csv,None,slow,10000,myopic,0,FALSE,300,by_award,3,forward,288,none,FALSE,4,10000,"not done yet - HVAC TESS bidding, EV TESS-like; reference price testing"
14,Diss,Austin,2016-04-24 00:00,2016-05-01 23:59,players_Austin,722540TYA.tmy3,july,node_149,,437,0.25,0.1,0,100000,Ercot_HBSouth.csv,None,slow,10000,myopic,0,FALSE,300,by_award,3,historical,12,none,FALSE,4,10000,not done yet - HVAC powernet bidding (no corrected setpoint); EV powernet (no current price dep); bidding setting testing
15,Diss,Austin,2016-04-24 00:00,2016-05-01 23:59,players_Austin,722540TYA.tmy3,july,node_149,,437,0.25,0.1,0,100000,Ercot_HBSouth.csv,None,slow,10000,myopic,0,FALSE,300,by_award,3,historical,12,none,FALSE,4,10000,"std instead of var; HVAC TESS bidding, EV TESS-like; reference price testing"
16,Diss,Austin,2016-04-24 00:00,2016-05-01 23:59,players_Austin,722540TYA.tmy3,july,node_149,,437,0.25,0.1,0,100000,Ercot_HBSouth.csv,None,slow,10000,myopic,0,FALSE,300,by_award,3,historical,12,none,FALSE,4,10000,quantile fcts dep. On duty cycles
17,Diss,Austin,2016-04-24 00:00,2016-05-01 23:59,players_Austin,722540TYA.tmy3,july,node_149,,437,0.25,0.1,0,100000,Ercot_HBSouth.csv,None,slow,10000,myopic,0,FALSE,300,by_award,3,historical,24,none,FALSE,4,10000,quantile fcts dep. On duty cycles
18,Diss,Austin,2016-04-24 00:00,2016-05-01 23:59,players_Austin,722540TYA.tmy3,july,node_149,,437,0.25,0.1,0,100000,Ercot_HBSouth.csv,None,slow,10000,myopic,0,FALSE,300,by_award,3,historical,36,none,FALSE,4,10000,quantile fcts dep. On duty cycles
19,Diss,Austin,2016-04-24 00:00,2016-05-01 23:59,players_Austin,722540TYA.tmy3,july,node_149,,437,0.25,0.1,0,100000,Ercot_HBSouth.csv,None,slow,10000,myopic,0,FALSE,300,by_award,3,historical,96,none,FALSE,4,10000,quantile fcts dep. On duty cycles
20,Diss,Austin,2016-04-24 00:00,2016-05-01 23:59,players_Austin,722540TYA.tmy3,july,node_149,,437,0.25,0.1,0,100000,Ercot_HBSouth.csv,None,slow,10000,myopic,0,FALSE,300,by_award,3,historical,288,none,FALSE,4,10000,quantile fcts dep. On duty cycles
21,Diss,Austin,2016-04-24 00:00,2016-05-01 23:59,players_Austin,722540TYA.tmy3,july,node_149,,437,0.25,0.1,0,100000,Ercot_HBSouth.csv,None,slow,10000,myopic,0,FALSE,300,by_award,3,forward,24,none,FALSE,4,10000,quantile fcts dep. On duty cycles
22,Diss,Austin,2016-04-24 00:00,2016-05-01 23:59,players_Austin,722540TYA.tmy3,july,node_149,,437,0.25,0.1,0,100000,Ercot_HBSouth.csv,None,slow,10000,myopic,0,FALSE,300,by_award,3,forward,36,none,FALSE,4,10000,quantile fcts dep. On duty cycles
23,Diss,Austin,2016-04-24 00:00,2016-05-01 23:59,players_Austin,722540TYA.tmy3,july,node_149,,437,0.25,0.1,0,100000,Ercot_HBSouth.csv,None,slow,10000,myopic,0,FALSE,300,by_award,3,forward,96,none,FALSE,4,10000,quantile fcts dep. On duty cycles
24,Diss,Austin,2016-04-24 00:00,2016-05-01 23:59,players_Austin,722540TYA.tmy3,july,node_149,,437,0.25,0.1,0,100000,Ercot_HBSouth.csv,None,slow,10000,myopic,0,FALSE,300,by_award,3,forward,288,none,FALSE,4,10000,quantile fcts dep. On duty cycles
25,Diss,Austin,2016-03-27 00:00,2016-04-03 23:59,players_Austin,722540TYA.tmy3,july,node_149,,437,0.25,0.1,0,100000,Ercot_HBSouth.csv,None,slow,10000,myopic,0,FALSE,300,by_award,3,forward,36,none,FALSE,4,10000,quantile fcts dep. On duty cycles
26,Diss,Austin,2016-03-27 00:00,2016-04-03 23:59,players_Austin,722540TYA.tmy3,july,node_149,,437,0.25,0.1,0,100000,Ercot_HBSouth.csv,None,slow,10000,myopic,0,FALSE,300,by_award,3,forward,96,none,FALSE,4,10000,quantile fcts dep. On duty cycles
27,Diss,Austin,2016-03-27 00:00,2016-04-03 23:59,players_Austin,722540TYA.tmy3,july,node_149,,437,0.25,0.1,0,100000,Ercot_HBSouth.csv,None,slow,10000,myopic,0,FALSE,300,by_award,3,forward,36,none,FALSE,4,10000,with WS demand bid; quantile fcts dep. On duty cycles
28,Diss,Austin,2016-03-27 00:00,2016-04-03 23:59,players_Austin,722540TYA.tmy3,july,node_149,,437,0.25,0.1,0,100000,Ercot_HBSouth.csv,None,slow,10000,myopic,0,FALSE,300,by_award,3,forward,36,none,FALSE,4,10000,with WS demand bid; quantile fcts dep. On duty cycles
29,Diss,Austin,2016-12-18 00:00,2016-12-25 23:59,players_Austin,722540TYA.tmy3,july,node_149,,437,0.25,0.1,0,100000,Ercot_HBSouth.csv,None,slow,10000,myopic,0,FALSE,300,by_award,3,forward,36,none,FALSE,4,10000,with WS demand bid; quantile fcts dep. On duty cycles
30,Diss,Austin,2016-04-24 00:00,2016-05-01 23:59,players_Austin,722540TYA.tmy3,july,node_149,,437,0.25,0.1,0,100000,Ercot_HBSouth.csv,None,slow,10000,myopic,0,FALSE,300,by_award,3,forward,36,none,FALSE,4,10000,with WS demand bid; quantile fcts dep. On duty cycles
31,Diss,Austin,2016-07-31 00:00,2016-08-07 23:59,players_Austin,722540TYA.tmy3,july,node_149,,437,0.25,0.1,0,100000,Ercot_HBSouth.csv,None,slow,10000,myopic,0,FALSE,300,by_award,3,forward,36,none,FALSE,4,10000,with WS demand bid; quantile fcts dep. On duty cycles
32,Diss,Austin,2016-07-31 00:00,2016-08-07 23:59,players_Austin,722540TYA.tmy3,july,node_149,,437,0.25,0.1,0,100000,Ercot_HBSouth.csv,None,slow,10000,myopic,0,FALSE,300,by_award,3,forward,36,none,FALSE,4,10000,test different ks
33,Diss,Austin,2016-07-31 00:00,2016-08-07 23:59,players_Austin,722540TYA.tmy3,july,node_149,,437,0.25,0.1,0,100000,Ercot_HBSouth.csv,None,slow,10000,myopic,0,FALSE,300,by_award,3,forward,36,none,FALSE,4,10000,test different ks
34,Diss,Austin,2016-07-01 00:00,2016-07-31 23:59,players_Austin,722540TYA.tmy3,july,node_149,,0,0.25,0.1,0,100000,Ercot_HBSouth.csv,None,slow,10000,myopic,0,FALSE,300,by_award,3,forward,36,none,FALSE,4,10000,test different ks
35,Diss,Austin,2016-01-01 00:00,2016-12-31 23:59,players_Austin,722540TYA.tmy3,july,node_149,,0,0.25,0.1,0,100000,Ercot_HBSouth.csv,None,slow,10000,myopic,0,FALSE,300,by_award,3,forward,36,none,FALSE,4,10000,test different ks
36,Diss,Austin,2016-12-18 00:00,2016-12-25 23:59,players_Austin,722540TYA.tmy3,july,node_149,,437,0.25,0.1,0,1700,Ercot_HBSouth.csv,None,slow,10000,myopic,0,FALSE,300,by_award,3,forward,36,none,FALSE,4,10000,with WS demand bid; quantile fcts dep. On duty cycles
37,Diss,Austin,2016-07-01 00:00,2016-07-31 23:59,players_Austin,722540TYA.tmy3,july,node_149,,437,0,0,0,100000,Ercot_HBSouth.csv,None,slow,10000,myopic,0,FALSE,300,by_price,3,forward,36,none,FALSE,4,10000,"Stationary price control, whole month"
38,Diss,Austin,2016-07-01 00:00,2016-07-01 23:59,players_Austin,722540TYA.tmy3,july,node_149,,437,0,0,0,100000,Ercot_HBSouth.csv,None,slow,10000,myopic,0,FALSE,300,by_award,3,forward,36,none,FALSE,4,10000,Stationary price control
39,Diss,Austin,2016-07-01 00:00,2016-07-01 23:59,players_Austin,722540TYA.tmy3,july,node_149,,437,0,0,0,100000,Ercot_HBSouth.csv,None,slow,10000,myopic,0,FALSE,300,by_price,3,forward,36,none,FALSE,4,10000,Fixed price
40,Diss,Austin,2016-07-01 00:00,2016-07-31 23:59,players_Austin,722540TYA.tmy3,july,node_149,,0,0.1,0,0,100000,Ercot_HBSouth.csv,None,slow,10000,myopic,0,FALSE,300,by_price,3,forward,36,none,FALSE,4,10000,"Benchmark no market (estimate beta - in 1min, 5min interval)"
41,Diss,Austin,2016-12-01 00:00,2016-12-31 23:59,players_Austin,722540TYA.tmy3,july,node_149,,0,0.1,0,0,100000,Ercot_HBSouth.csv,None,slow,10000,myopic,0,FALSE,300,by_price,3,forward,36,none,FALSE,4,10000,Benchmark no market (estimate heating)
42,Diss,Austin,2016-07-01 00:00,2016-07-08 00:00,players_Austin,722540TYA.tmy3,july,node_149,HVAC_settings_July_ext.csv,437,0.1,0,0,100000,Ercot_HBSouth.csv,None,slow,10000,myopic,0,FALSE,300,by_price,3,forward,36,none,FALSE,4,10000,Market with stationary price control
43,Diss,Austin,2016-07-01 00:00,2016-07-08 00:00,players_Austin,722540TYA.tmy3,july,node_149,HVAC_settings_July_ext.csv,437,0.1,0,0,100000,Ercot_HBSouth.csv,None,slow,10000,myopic,0,FALSE,300,by_price,3,forward,36,none,FALSE,4,10000,Fixed retail
44,Diss,Austin,2016-07-01 00:00,2016-07-08 00:00,players_Austin,722540TYA.tmy3,july,node_149,HVAC_settings_July_ext.csv,437,0.1,0,0,100000,Ercot_HBSouth.csv,None,slow,10000,myopic,0,FALSE,300,by_price,3,forward,36,none,FALSE,4,10000,Normal fct
45,Diss,Austin,2016-07-01 00:00,2016-07-08 00:00,players_Austin,722540TYA.tmy3,july,node_149,,0,0.1,0,0,100000,Ercot_HBSouth.csv,None,slow,10000,myopic,0,FALSE,300,by_price,3,forward,36,none,FALSE,4,10000,"Benchmark no market (estimate beta - in 1min, 5min interval)"
46,Diss,Austin,2016-01-01 00:00,2017-01-01 00:00,players_Austin,722540TYA.tmy3,july,node_149,,0,0.1,0,0,100000,Ercot_HBSouth.csv,None,slow,10000,myopic,0,FALSE,300,by_price,3,forward,36,none,FALSE,4,10000,"Benchmark no market (estimate beta - in 1min, 5min interval)"
47,Diss,Austin,2016-08-01 00:00,2016-08-08 00:00,players_Austin,722540TYA.tmy3,july,node_149,HVAC_settings_2016-08-01_2016-08-08_ext.csv,437,0.1,0,0,100000,Ercot_HBSouth.csv,None,slow,10000,myopic,0,FALSE,300,by_price,3,forward,36,none,FALSE,4,10000,Stationary price control
48,Diss,Austin,2016-12-19 00:00,2016-12-26 00:00,players_Austin,722540TYA.tmy3,july,node_149,HVAC_settings_2016-12-19_2016-12-26_ext.csv,437,0.1,0,0,100000,Ercot_HBSouth.csv,None,slow,10000,myopic,0,FALSE,300,by_price,3,forward,36,none,FALSE,4,10000,Stationary price control
49,Diss,Austin,2016-12-19 00:00,2016-12-26 00:00,players_Austin,722540TYA.tmy3,july,node_149,HVAC_settings_2016-12-19_2016-12-26_ext.csv,437,0.1,0,0,100000,Ercot_HBSouth.csv,None,slow,10000,myopic,0,FALSE,300,by_price,3,forward,36,none,FALSE,4,10000,Stationary price control; switch on full themostat control for Gas
50,Diss,Austin,2016-12-19 00:00,2016-12-26 00:00,players_Austin,722540TYA.tmy3,july,node_149,HVAC_settings_2016-12-19_2016-12-26_ext.csv,437,0.1,0,0,2000,Ercot_HBSouth.csv,None,slow,10000,myopic,1,FALSE,300,by_price,3,forward,36,none,FALSE,4,10000,Stationary price control; switch on full themostat control for Gas
51,Diss,Austin,2016-12-19 00:00,2016-12-26 00:00,players_Austin,722540TYA.tmy3,july,node_149,HVAC_settings_2016-12-19_2016-12-26_ext.csv,437,0.1,0,0,1900,Ercot_HBSouth.csv,None,slow,10000,myopic,1,FALSE,300,by_price,3,forward,36,none,FALSE,4,10000,Stationary price control; switch on full themostat control for Gas
52,Diss,Austin,2016-12-19 00:00,2016-12-26 00:00,players_Austin,722540TYA.tmy3,july,node_149,HVAC_settings_2016-12-19_2016-12-26_ext.csv,437,0.1,0,0,2100,Ercot_HBSouth.csv,None,slow,10000,myopic,1,FALSE,300,by_price,3,forward,36,none,FALSE,4,10000,Stationary price control; switch on full themostat control for Gas
53,Diss,Austin,2016-12-19 00:00,2016-12-26 00:00,players_Austin,722540TYA.tmy3,july,node_149,HVAC_settings_2016-12-19_2016-12-26_ext.csv,437,0.1,0,0,2200,Ercot_HBSouth.csv,None,slow,10000,myopic,1,FALSE,300,by_price,3,forward,36,none,FALSE,4,10000,Stationary price control; switch on full themostat control for Gas
54,Diss,Austin,2016-12-18 00:00,2016-12-26 00:00,players_Austin,722540TYA.tmy3,july,node_149,HVAC_settings_2016-12-19_2016-12-26_ext.csv,437,0.1,0,0,1800,Ercot_HBSouth.csv,None,slow,10000,myopic,1,FALSE,300,by_price,3,forward,36,none,FALSE,4,10000,Stationary price control; switch on full themostat control for Gas
55,Diss,Austin,2016-12-18 00:00,2016-12-26 00:00,players_Austin,722540TYA.tmy3,july,node_149,HVAC_settings_2016-12-19_2016-12-26_ext.csv,437,0.1,0,0,1700,Ercot_HBSouth.csv,None,slow,10000,myopic,1,FALSE,300,by_price,3,forward,36,none,FALSE,4,10000,Stationary price control; switch on full themostat control for Gas
56,Diss,Austin,2016-12-18 00:00,2016-12-26 00:00,players_Austin,722540TYA.tmy3,july,node_149,HVAC_settings_2016-12-19_2016-12-26_ext.csv,437,0.1,0,0,1600,Ercot_HBSouth.csv,None,slow,10000,myopic,1,FALSE,300,by_price,3,forward,36,none,FALSE,4,10000,Stationary price control; switch on full themostat control for Gas
57,Diss,Austin,2016-12-18 00:00,2016-12-26 00:00,players_Austin,722540TYA.tmy3,july,node_149,HVAC_settings_2016-12-19_2016-12-26_ext.csv,437,0.1,0,0,1500,Ercot_HBSouth.csv,None,slow,10000,myopic,1,FALSE,300,by_price,3,forward,36,none,FALSE,4,10000,Stationary price control; switch on full themostat control for Gas
58,Diss,Austin,2016-12-18 00:00,2016-12-26 00:00,players_Austin,722540TYA.tmy3,july,node_149,HVAC_settings_2016-12-19_2016-12-26_ext.csv,437,0.1,0,0,1900,Ercot_HBSouth.csv,None,slow,10000,myopic,1,FALSE,300,by_price,3,forward,36,none,FALSE,4,10000,Stationary price control; switch on full themostat control for Gas
59,Diss,Austin,2016-12-18 00:00,2016-12-26 00:00,players_Austin,722540TYA.tmy3,july,node_149,HVAC_settings_2016-12-19_2016-12-26_ext.csv,437,0.1,0,0,2000,Ercot_HBSouth.csv,None,slow,10000,myopic,1,FALSE,300,by_price,3,forward,36,none,FALSE,4,10000,Stationary price control; switch on full themostat control for Gas
60,Diss,Austin,2016-12-18 00:00,2016-12-26 00:00,players_Austin,722540TYA.tmy3,july,node_149,HVAC_settings_2016-12-19_2016-12-26_ext.csv,437,0.1,0,0,2100,Ercot_HBSouth.csv,None,slow,10000,myopic,1,FALSE,300,by_price,3,forward,36,none,FALSE,4,10000,Stationary price control; switch on full themostat control for Gas
61,Diss,Austin,2016-12-18 00:00,2016-12-26 00:00,players_Austin,722540TYA.tmy3,july,node_149,HVAC_settings_2016-12-19_2016-12-26_ext.csv,437,0.1,0,0,2200,Ercot_HBSouth.csv,None,slow,10000,myopic,1,FALSE,300,by_price,3,forward,36,none,FALSE,4,10000,Stationary price control; switch on full themostat control for Gas
62,Diss,Austin,2016-12-18 00:00,2016-12-26 00:00,players_Austin,722540TYA.tmy3,july,node_149,HVAC_settings_2016-12-19_2016-12-26_ext.csv,437,0.1,0,0,2300,Ercot_HBSouth.csv,None,slow,10000,myopic,1,FALSE,300,by_price,3,forward,36,none,FALSE,4,10000,Stationary price control; switch on full themostat control for Gas
63,Diss,Austin,2016-07-31 00:00,2016-08-08 00:00,players_Austin,722540TYA.tmy3,july,node_149,HVAC_settings_2016-08-01_2016-08-08_ext.csv,437,0.1,0,0,100000,Ercot_HBSouth.csv,None,slow,10000,myopic,0,FALSE,300,by_price,3,forward,36,none,FALSE,4,10000,Stationary price control
64,Diss,Austin,2016-12-18 00:00,2016-12-26 00:00,players_Austin,722540TYA.tmy3,july,node_149,HVAC_settings_2016-12-19_2016-12-26_ext.csv,437,0.1,0,0,100000,Ercot_HBSouth.csv,None,slow,10000,myopic,1,FALSE,300,by_price,3,forward,36,none,FALSE,4,10000,Corrected df_awarded_bids over midnight/unresp_load
65,Diss,Austin,2016-07-17 00:00,2016-07-25 00:00,players_Austin,722540TYA.tmy3,july,node_149,HVAC_settings_2016-07-18_2016-07-25_ext.csv,437,0.1,0,0,100000,Ercot_HBSouth.csv,None,slow,10000,myopic,1,FALSE,300,by_price,3,forward,36,none,FALSE,4,10000,LEM; sensitivity analysis energy procurement; missing alpha_heat is year average
66,Diss,Austin,2016-09-11 00:00,2016-09-19 00:00,players_Austin,722540TYA.tmy3,july,node_149,HVAC_settings_2016-09-12_2016-09-19_ext.csv,437,0.1,0,0,100000,Ercot_HBSouth.csv,None,slow,10000,myopic,1,FALSE,300,by_price,3,forward,36,none,FALSE,4,10000,LEM; sensitivity analysis energy procurement; missing alpha_heat is year average
67,Diss,Austin,2016-07-31 00:00,2016-08-08 00:00,players_Austin,722540TYA.tmy3,july,node_149,HVAC_settings_2016-08-01_2016-08-08_ext.csv,437,0.1,0,0,100000,Ercot_HBSouth.csv,None,slow,10000,myopic,1,FALSE,300,by_price,3,forward,36,none,FALSE,4,10000,LEM; re-do for paper with re-estimated alpha; missing alpha_heat is year average
68,Diss,Austin,2016-12-18 00:00,2016-12-26 00:00,players_Austin,722540TYA.tmy3,july,node_149,HVAC_settings_2016-12-19_2016-12-26_ext.csv,437,0.1,0,0,100000,Ercot_HBSouth.csv,None,slow,10000,myopic,1,FALSE,300,by_price,3,forward,36,none,FALSE,4,10000,LEM; re-do for paper with re-estimated alpha; missing alpha_heat is year average
69,Diss,Austin,2016-01-17 00:00,2016-01-25 00:00,players_Austin,722540TYA.tmy3,july,node_149,HVAC_settings_2016-01-18_2016-01-25_ext.csv,437,0.1,0,0,100000,Ercot_HBSouth.csv,None,slow,10000,myopic,1,FALSE,300,by_price,3,forward,36,none,FALSE,4,10000,LEM; sensitivity analysis energy procurement; missing alpha_heat is month average
70,Diss,Austin,2016-01-17 00:00,2016-01-25 00:00,players_Austin,722540TYA.tmy3,july,node_149,HVAC_settings_2016-01-18_2016-01-25_ext.csv,437,0.1,0,0,2200,Ercot_HBSouth.csv,None,slow,10000,myopic,1,FALSE,300,by_price,3,forward,36,none,FALSE,4,10000,LEM; sensitivity analysis energy procurement; missing alpha_heat is month average
71,Diss,Austin,2016-01-17 00:00,2016-01-25 00:00,players_Austin,722540TYA.tmy3,july,node_149,HVAC_settings_2016-01-18_2016-01-25_ext.csv,437,0.1,0,0,2100,Ercot_HBSouth.csv,None,slow,10000,myopic,1,FALSE,300,by_price,3,forward,36,none,FALSE,4,10000,LEM; sensitivity analysis energy procurement; missing alpha_heat is month average
72,Diss,Austin,2016-01-17 00:00,2016-01-25 00:00,players_Austin,722540TYA.tmy3,july,node_149,HVAC_settings_2016-01-18_2016-01-25_ext.csv,437,0.1,0,0,2000,Ercot_HBSouth.csv,None,slow,10000,myopic,1,FALSE,300,by_price,3,forward,36,none,FALSE,4,10000,LEM; sensitivity analysis energy procurement; missing alpha_heat is month average
73,Diss,Austin,2016-01-17 00:00,2016-01-25 00:00,players_Austin,722540TYA.tmy3,july,node_149,HVAC_settings_2016-01-18_2016-01-25_ext.csv,437,0.1,0,0,1900,Ercot_HBSouth.csv,None,slow,10000,myopic,1,FALSE,300,by_price,3,forward,36,none,FALSE,4,10000,LEM; sensitivity analysis energy procurement; missing alpha_heat is month average
74,Diss,Austin,2016-01-17 00:00,2016-01-25 00:00,players_Austin,722540TYA.tmy3,july,node_149,HVAC_settings_2016-01-18_2016-01-25_ext.csv,437,0.1,0,0,1800,Ercot_HBSouth.csv,None,slow,10000,myopic,1,FALSE,300,by_price,3,forward,36,none,FALSE,4,10000,LEM; sensitivity analysis energy procurement; missing alpha_heat is month average
75,Diss,Austin,2016-01-17 00:00,2016-01-25 00:00,players_Austin,722540TYA.tmy3,july,node_149,HVAC_settings_2016-01-18_2016-01-25_ext.csv,437,0.1,0,0,1700,Ercot_HBSouth.csv,None,slow,10000,myopic,1,FALSE,300,by_price,3,forward,36,none,FALSE,4,10000,LEM; sensitivity analysis energy procurement; missing alpha_heat is month average
76,Diss,Austin,2016-01-17 00:00,2016-01-25 00:00,players_Austin,722540TYA.tmy3,july,node_149,HVAC_settings_2016-01-18_2016-01-25_ext.csv,437,0.1,0,0,1600,Ercot_HBSouth.csv,None,slow,10000,myopic,1,FALSE,300,by_price,3,forward,36,none,FALSE,4,10000,LEM; sensitivity analysis energy procurement; missing alpha_heat is month average
77,Diss,Austin,2016-01-17 00:00,2016-01-25 00:00,players_Austin,722540TYA.tmy3,july,node_149,HVAC_settings_2016-01-18_2016-01-25_ext.csv,437,0.1,0,0,1500,Ercot_HBSouth.csv,None,slow,10000,myopic,1,FALSE,300,by_price,3,forward,36,none,FALSE,4,10000,LEM; sensitivity analysis energy procurement; missing alpha_heat is month average
78,Diss,Austin,2016-01-17 00:00,2016-01-25 00:00,players_Austin,722540TYA.tmy3,july,node_149,HVAC_settings_2016-01-01_2017-01-01_ext.csv,437,0.1,0,0,1500,Ercot_HBSouth.csv,None,slow,10000,myopic,1,FALSE,300,by_price,3,forward,36,none,FALSE,4,10000,LEM; sensitivity analysis energy procurement; missing alpha is year average
79,Diss,Austin,2016-12-11 00:00,2016-12-19 00:00,players_Austin,722540TYA.tmy3,july,node_149,HVAC_settings_2016-12-12_2016-12-19_ext.csv,437,0.1,0,0,100000,Ercot_HBSouth.csv,None,slow,10000,myopic,1,FALSE,300,by_price,3,forward,36,none,FALSE,4,10000,LEM; sensitivity analysis energy procurement; missing alpha_heat is month average
80,Diss,Austin,2016-07-31 00:00,2016-08-08 00:00,players_Austin,722540TYA.tmy3,july,node_149,HVAC_settings_2016-08-01_2016-08-08_OLS2.csv,437,0.1,0,0,100000,Ercot_HBSouth.csv,None,slow,10000,myopic,0,FALSE,300,by_price,3,forward,36,none,FALSE,4,10000,Test new OLS parameter estimation
81,Diss,Austin,2016-07-31 00:00,2016-08-08 00:00,players_Austin,722540TYA.tmy3,july,node_149,HVAC_settings_2016-08-01_2016-08-08_OLS4.csv,437,0.1,0,0,100000,Ercot_HBSouth.csv,None,slow,10000,myopic,0,FALSE,300,by_price,3,forward,36,none,FALSE,4,10000,Test new OLS parameter estimation
82,Diss,Austin,2016-12-18 00:00,2016-12-26 00:00,players_Austin,722540TYA.tmy3,july,node_149,HVAC_settings_2016-12-19_2016-12-26_OLS.csv,437,0.1,0,0,100000,Ercot_HBSouth.csv,None,slow,10000,myopic,1,FALSE,300,by_price,3,forward,36,none,FALSE,4,10000,Test new OLS parameter estimation
83,Diss,Austin,2016-12-18 00:00,2016-12-26 00:00,players_Austin,722540TYA.tmy3,july,node_149,HVAC_settings_2016-12-19_2016-12-26_OLS.csv,437,0.1,0,0,1500,Ercot_HBSouth.csv,None,slow,10000,myopic,1,FALSE,300,by_price,3,forward,36,none,FALSE,4,10000,Test new OLS parameter estimation
84,Diss,Austin,2016-07-17 00:00,2016-07-25 00:00,players_Austin,722540TYA.tmy3,july,node_149,HVAC_settings_2016-07-18_2016-07-25_OLS.csv,437,0.1,0,0,100000,Ercot_HBSouth.csv,None,slow,10000,myopic,1,FALSE,300,by_price,3,forward,36,none,FALSE,4,10000,Test new OLS parameter estimation
85,Diss,Austin,2016-09-11 00:00,2016-09-19 00:00,players_Austin,722540TYA.tmy3,july,node_149,HVAC_settings_2016-09-12_2016-09-19_OLS.csv,437,0.1,0,0,100000,Ercot_HBSouth.csv,None,slow,10000,myopic,1,FALSE,300,by_price,3,forward,36,none,FALSE,4,10000,Test new OLS parameter estimation
86,Diss,Austin,2016-01-17 00:00,2016-01-25 00:00,players_Austin,722540TYA.tmy3,july,node_149,HVAC_settings_2016-01-18_2016-01-25_OLS.csv,437,0.1,0,0,100000,Ercot_HBSouth.csv,None,slow,10000,myopic,1,FALSE,300,by_price,3,forward,36,none,FALSE,4,10000,Test new OLS parameter estimation
87,Diss,Austin,2016-12-11 00:00,2016-12-19 00:00,players_Austin,722540TYA.tmy3,july,node_149,HVAC_settings_2016-12-12_2016-12-19_OLS.csv,437,0.1,0,0,100000,Ercot_HBSouth.csv,None,slow,10000,myopic,1,FALSE,300,by_price,3,forward,36,none,FALSE,4,10000,Test new OLS parameter estimation
88,Diss,Austin,2016-07-31 00:00,2016-08-08 00:00,players_Austin,722540TYA.tmy3,july,node_149,HVAC_settings_2016-08-01_2016-08-08_OLS4.csv,437,0,0,0,100000,Ercot_HBSouth.csv,None,slow,10000,myopic,0,FALSE,300,by_price,3,forward,36,none,FALSE,4,10000,Test no PV on u change
89,Diss,Austin,2016-07-31 00:00,2016-08-08 00:00,players_Austin,722540TYA.tmy3,july,node_149,HVAC_settings_2016-08-01_2016-08-08_OLS4.csv,437,0,0,0,100000,Ercot_HBSouth.csv,None,slow,10000,myopic,0,FALSE,300,by_price,3,forward,36,none,FALSE,4,10000,Test no PV on u change
90,Diss,Austin,2016-01-01 00:00,2017-01-01 00:00,players_Austin,722540TYA.tmy3,july,node_149,HVAC_settings_2016-08-01_2016-08-08_OLS4.csv,0,0,0,0,100000,Ercot_LZ_South.csv,None,slow,10000,myopic,0,FALSE,300,by_price,3,forward,36,none,FALSE,4,10000,yeal-long sim wo PV/no market
91,Diss,Austin,2016-07-31 00:00,2016-08-08 00:00,players_Austin,722540TYA.tmy3,july,node_149,HVAC_settings_2016-08-01_2016-08-08_46_OLS.csv,437,0.1,0,0,100000,Ercot_HBSouth.csv,None,slow,10000,myopic,1,FALSE,300,by_price,3,forward,36,none,FALSE,4,10000,FAILED - With NOAA weather data
92,Diss,Austin,2016-07-31 00:00,2016-08-08 00:00,players_Austin,722540TYA.tmy3,july,node_149,HVAC_settings_2016-08-01_2016-08-08_90_OLS.csv,437,0,0,0,100000,Ercot_LZ_South.csv,None,slow,10000,myopic,1,FALSE,300,by_price,3,forward,36,none,FALSE,4,10000,Ercot LZ South
93,Diss,Austin,2016-07-17 00:00,2016-07-25 00:00,players_Austin,722540TYA.tmy3,july,node_149,HVAC_settings_2016-07-18_2016-07-25_90_OLS.csv,437,0,0,0,100000,Ercot_LZ_South.csv,None,slow,10000,myopic,1,FALSE,300,by_price,3,forward,36,none,FALSE,4,10000,Ercot LZ South
94,Diss,Austin,2016-09-11 00:00,2016-09-19 00:00,players_Austin,722540TYA.tmy3,july,node_149,HVAC_settings_2016-09-12_2016-09-19_90_OLS.csv,437,0,0,0,100000,Ercot_LZ_South.csv,None,slow,10000,myopic,1,FALSE,300,by_price,3,forward,36,none,FALSE,4,10000,Ercot LZ South
95,Diss,Austin,2016-12-18 00:00,2016-12-26 00:00,players_Austin,722540TYA.tmy3,july,node_149,HVAC_settings_2016-12-19_2016-12-26_90_OLS.csv,437,0,0,0,100000,Ercot_LZ_South.csv,None,slow,10000,myopic,1,FALSE,300,by_price,3,forward,36,none,FALSE,4,10000,Ercot LZ South
96,Diss,Austin,2016-12-11 00:00,2016-12-19 00:00,players_Austin,722540TYA.tmy3,july,node_149,HVAC_settings_2016-12-12_2016-12-19_90_OLS.csv,437,0,0,0,100000,Ercot_LZ_South.csv,None,slow,10000,myopic,1,FALSE,300,by_price,3,forward,36,none,FALSE,4,10000,Ercot LZ South
97,Diss,Austin,2016-01-17 00:00,2016-01-25 00:00,players_Austin,722540TYA.tmy3,july,node_149,HVAC_settings_2016-01-18_2016-01-25_90_OLS.csv,437,0,0,0,100000,Ercot_LZ_South.csv,None,slow,10000,myopic,1,FALSE,300,by_price,3,forward,36,none,FALSE,4,10000,Ercot LZ South
98,Diss,Austin,2016-12-18 00:00,2016-12-26 00:00,players_Austin,722540TYA.tmy3,july,node_149,HVAC_settings_2016-12-19_2016-12-26_90_OLS.csv,437,0,0,0,2200,Ercot_LZ_South.csv,None,slow,10000,myopic,1,FALSE,300,by_price,3,forward,36,none,FALSE,4,10000,Ercot LZ South
99,Diss,Austin,2016-12-18 00:00,2016-12-26 00:00,players_Austin,722540TYA.tmy3,july,node_149,HVAC_settings_2016-12-19_2016-12-26_90_OLS.csv,437,0,0,0,2100,Ercot_LZ_South.csv,None,slow,10000,myopic,1,FALSE,300,by_price,3,forward,36,none,FALSE,4,10000,Ercot LZ South
100,Diss,Austin,2016-12-18 00:00,2016-12-26 00:00,players_Austin,722540TYA.tmy3,july,node_149,HVAC_settings_2016-12-19_2016-12-26_90_OLS.csv,437,0,0,0,2000,Ercot_LZ_South.csv,None,slow,10000,myopic,1,FALSE,300,by_price,3,forward,36,none,FALSE,4,10000,Ercot LZ South
101,Diss,Austin,2016-12-18 00:00,2016-12-26 00:00,players_Austin,722540TYA.tmy3,july,node_149,HVAC_settings_2016-12-19_2016-12-26_90_OLS.csv,437,0,0,0,1900,Ercot_LZ_South.csv,None,slow,10000,myopic,1,FALSE,300,by_price,3,forward,36,none,FALSE,4,10000,Ercot LZ South
102,Diss,Austin,2016-12-18 00:00,2016-12-26 00:00,players_Austin,722540TYA.tmy3,july,node_149,HVAC_settings_2016-12-19_2016-12-26_90_OLS.csv,437,0,0,0,1800,Ercot_LZ_South.csv,None,slow,10000,myopic,1,FALSE,300,by_price,3,forward,36,none,FALSE,4,10000,Ercot LZ South
103,Diss,Austin,2016-12-18 00:00,2016-12-26 00:00,players_Austin,722540TYA.tmy3,july,node_149,HVAC_settings_2016-12-19_2016-12-26_90_OLS.csv,437,0,0,0,1700,Ercot_LZ_South.csv,None,slow,10000,myopic,1,FALSE,300,by_price,3,forward,36,none,FALSE,4,10000,Ercot LZ South
104,Diss,Austin,2016-12-18 00:00,2016-12-26 00:00,players_Austin,722540TYA.tmy3,july,node_149,HVAC_settings_2016-12-19_2016-12-26_90_OLS.csv,437,0,0,0,1600,Ercot_LZ_South.csv,None,slow,10000,myopic,1,FALSE,300,by_price,3,forward,36,none,FALSE,4,10000,Ercot LZ South
105,Diss,Austin,2016-12-18 00:00,2016-12-26 00:00,players_Austin,722540TYA.tmy3,july,node_149,HVAC_settings_2016-12-19_2016-12-26_90_OLS.csv,437,0,0,0,1500,Ercot_LZ_South.csv,None,slow,10000,myopic,1,FALSE,300,by_price,3,forward,36,none,FALSE,4,10000,Ercot LZ South
106,Diss,Austin,2016-12-11 00:00,2016-12-19 00:00,players_Austin,722540TYA.tmy3,july,node_149,HVAC_settings_2016-12-12_2016-12-19_90_OLS.csv,437,0,0,0,2200,Ercot_LZ_South.csv,None,slow,10000,myopic,1,FALSE,300,by_price,3,forward,36,none,FALSE,4,10000,Ercot LZ South
107,Diss,Austin,2016-12-11 00:00,2016-12-19 00:00,players_Austin,722540TYA.tmy3,july,node_149,HVAC_settings_2016-12-12_2016-12-19_90_OLS.csv,437,0,0,0,2100,Ercot_LZ_South.csv,None,slow,10000,myopic,1,FALSE,300,by_price,3,forward,36,none,FALSE,4,10000,Ercot LZ South
108,Diss,Austin,2016-12-11 00:00,2016-12-19 00:00,players_Austin,722540TYA.tmy3,july,node_149,HVAC_settings_2016-12-12_2016-12-19_90_OLS.csv,437,0,0,0,2000,Ercot_LZ_South.csv,None,slow,10000,myopic,1,FALSE,300,by_price,3,forward,36,none,FALSE,4,10000,Ercot LZ South
109,Diss,Austin,2016-12-11 00:00,2016-12-19 00:00,players_Austin,722540TYA.tmy3,july,node_149,HVAC_settings_2016-12-12_2016-12-19_90_OLS.csv,437,0,0,0,1900,Ercot_LZ_South.csv,None,slow,10000,myopic,1,FALSE,300,by_price,3,forward,36,none,FALSE,4,10000,Ercot LZ South
110,Diss,Austin,2016-12-11 00:00,2016-12-19 00:00,players_Austin,722540TYA.tmy3,july,node_149,HVAC_settings_2016-12-12_2016-12-19_90_OLS.csv,437,0,0,0,1800,Ercot_LZ_South.csv,None,slow,10000,myopic,1,FALSE,300,by_price,3,forward,36,none,FALSE,4,10000,Ercot LZ South
111,Diss,Austin,2016-12-11 00:00,2016-12-19 00:00,players_Austin,722540TYA.tmy3,july,node_149,HVAC_settings_2016-12-12_2016-12-19_90_OLS.csv,437,0,0,0,1700,Ercot_LZ_South.csv,None,slow,10000,myopic,1,FALSE,300,by_price,3,forward,36,none,FALSE,4,10000,Ercot LZ South
112,Diss,Austin,2016-12-11 00:00,2016-12-19 00:00,players_Austin,722540TYA.tmy3,july,node_149,HVAC_settings_2016-12-12_2016-12-19_90_OLS.csv,437,0,0,0,1600,Ercot_LZ_South.csv,None,slow,10000,myopic,1,FALSE,300,by_price,3,forward,36,none,FALSE,4,10000,Ercot LZ South
113,Diss,Austin,2016-12-11 00:00,2016-12-19 00:00,players_Austin,722540TYA.tmy3,july,node_149,HVAC_settings_2016-12-12_2016-12-19_90_OLS.csv,437,0,0,0,1500,Ercot_LZ_South.csv,None,slow,10000,myopic,1,FALSE,300,by_price,3,forward,36,none,FALSE,4,10000,Ercot LZ South
114,Diss,Austin,2016-01-17 00:00,2016-01-25 00:00,players_Austin,722540TYA.tmy3,july,node_149,HVAC_settings_2016-01-18_2016-01-25_90_OLS.csv,437,0,0,0,2200,Ercot_LZ_South.csv,None,slow,10000,myopic,1,FALSE,300,by_price,3,forward,36,none,FALSE,4,10000,Ercot LZ South
115,Diss,Austin,2016-01-17 00:00,2016-01-25 00:00,players_Austin,722540TYA.tmy3,july,node_149,HVAC_settings_2016-01-18_2016-01-25_90_OLS.csv,437,0,0,0,2100,Ercot_LZ_South.csv,None,slow,10000,myopic,1,FALSE,300,by_price,3,forward,36,none,FALSE,4,10000,Ercot LZ South
116,Diss,Austin,2016-01-17 00:00,2016-01-25 00:00,players_Austin,722540TYA.tmy3,july,node_149,HVAC_settings_2016-01-18_2016-01-25_90_OLS.csv,437,0,0,0,2000,Ercot_LZ_South.csv,None,slow,10000,myopic,1,FALSE,300,by_price,3,forward,36,none,FALSE,4,10000,Ercot LZ South
117,Diss,Austin,2016-01-17 00:00,2016-01-25 00:00,players_Austin,722540TYA.tmy3,july,node_149,HVAC_settings_2016-01-18_2016-01-25_90_OLS.csv,437,0,0,0,1900,Ercot_LZ_South.csv,None,slow,10000,myopic,1,FALSE,300,by_price,3,forward,36,none,FALSE,4,10000,Ercot LZ South
118,Diss,Austin,2016-01-17 00:00,2016-01-25 00:00,players_Austin,722540TYA.tmy3,july,node_149,HVAC_settings_2016-01-18_2016-01-25_90_OLS.csv,437,0,0,0,1800,Ercot_LZ_South.csv,None,slow,10000,myopic,1,FALSE,300,by_price,3,forward,36,none,FALSE,4,10000,Ercot LZ South
119,Diss,Austin,2016-01-17 00:00,2016-01-25 00:00,players_Austin,722540TYA.tmy3,july,node_149,HVAC_settings_2016-01-18_2016-01-25_90_OLS.csv,437,0,0,0,1700,Ercot_LZ_South.csv,None,slow,10000,myopic,1,FALSE,300,by_price,3,forward,36,none,FALSE,4,10000,Ercot LZ South
120,Diss,Austin,2016-01-17 00:00,2016-01-25 00:00,players_Austin,722540TYA.tmy3,july,node_149,HVAC_settings_2016-01-18_2016-01-25_90_OLS.csv,437,0,0,0,1600,Ercot_LZ_South.csv,None,slow,10000,myopic,1,FALSE,300,by_price,3,forward,36,none,FALSE,4,10000,Ercot LZ South
121,Diss,Austin,2016-01-17 00:00,2016-01-25 00:00,players_Austin,722540TYA.tmy3,july,node_149,HVAC_settings_2016-01-18_2016-01-25_90_OLS.csv,437,0,0,0,1500,Ercot_LZ_South.csv,None,slow,10000,myopic,1,FALSE,300,by_price,3,forward,36,none,FALSE,4,10000,Ercot LZ South
122,Diss,Austin,2016-07-31 00:00,2016-08-08 00:00,players_Austin,722540TYA.tmy3,july,node_149,HVAC_settings_2016-08-01_2016-08-08_90_OLS.csv,437,1,0,0,100000,Ercot_LZ_South.csv,None,slow,10000,myopic,1,FALSE,300,by_price,3,forward,36,none,FALSE,4,10000,Testing PV for distribution analysis
123,Diss,Austin,2016-07-31 00:00,2016-08-08 00:00,players_Austin,722540TYA.tmy3,july,node_149,HVAC_settings_2016-08-01_2016-08-08_90_OLS.csv,437,0,0,0,100000,Ercot_LZ_South.csv,None,slow,10000,myopic,1,FALSE,300,by_price,3,forward,36,none,FALSE,4,10000,Testing PV for distribution analysis
124,Diss,Austin,2016-07-31 00:00,2016-08-08 00:00,players_Austin,722540TYA.tmy3,july,node_149,HVAC_settings_2016-08-01_2016-08-07_90_OLS.csv,437,0,0,0,100000,Ercot_LZ_South.csv,None,slow,10000,myopic,1,FALSE,300,by_price,3,forward,36,none,FALSE,4,10000,With WS cost + loss component
125,Diss,Austin,2016-07-17 00:00,2016-07-25 00:00,players_Austin,722540TYA.tmy3,july,node_149,HVAC_settings_2016-07-18_2016-07-24_90_OLS.csv,437,0,0,0,100000,Ercot_LZ_South.csv,None,slow,10000,myopic,1,FALSE,300,by_price,3,forward,36,none,FALSE,4,10000,With WS cost + loss component
126,Diss,Austin,2016-09-11 00:00,2016-09-19 00:00,players_Austin,722540TYA.tmy3,july,node_149,HVAC_settings_2016-09-12_2016-09-18_90_OLS.csv,437,0,0,0,100000,Ercot_LZ_South.csv,None,slow,10000,myopic,1,FALSE,300,by_price,3,forward,36,none,FALSE,4,10000,With WS cost + loss component
127,Diss,Austin,2016-12-18 00:00,2016-12-26 00:00,players_Austin,722540TYA.tmy3,july,node_149,HVAC_settings_2016-12-19_2016-12-25_90_OLS.csv,437,0,0,0,100000,Ercot_LZ_South.csv,None,slow,10000,myopic,1,FALSE,300,by_price,3,forward,36,none,FALSE,4,10000,With WS cost + loss component
128,Diss,Austin,2016-12-11 00:00,2016-12-19 00:00,players_Austin,722540TYA.tmy3,july,node_149,HVAC_settings_2016-12-12_2016-12-18_90_OLS.csv,437,0,0,0,100000,Ercot_LZ_South.csv,None,slow,10000,myopic,1,FALSE,300,by_price,3,forward,36,none,FALSE,4,10000,With WS cost + loss component
129,Diss,Austin,2016-01-17 00:00,2016-01-25 00:00,players_Austin,722540TYA.tmy3,july,node_149,HVAC_settings_2016-01-18_2016-01-24_90_OLS.csv,437,0,0,0,100000,Ercot_LZ_South.csv,None,slow,10000,myopic,1,FALSE,300,by_price,3,forward,36,none,FALSE,4,10000,With WS cost + loss component
130,Diss,Austin,2016-12-18 00:00,2016-12-26 00:00,players_Austin,722540TYA.tmy3,july,node_149,HVAC_settings_2016-12-19_2016-12-25_90_OLS.csv,437,0,0,0,2200,Ercot_LZ_South.csv,None,slow,10000,myopic,1,FALSE,300,by_price,3,forward,36,none,FALSE,4,10000,With WS cost + loss component
131,Diss,Austin,2016-12-18 00:00,2016-12-26 00:00,players_Austin,722540TYA.tmy3,july,node_149,HVAC_settings_2016-12-19_2016-12-25_90_OLS.csv,437,0,0,0,2100,Ercot_LZ_South.csv,None,slow,10000,myopic,1,FALSE,300,by_price,3,forward,36,none,FALSE,4,10000,With WS cost + loss component
132,Diss,Austin,2016-12-18 00:00,2016-12-26 00:00,players_Austin,722540TYA.tmy3,july,node_149,HVAC_settings_2016-12-19_2016-12-25_90_OLS.csv,437,0,0,0,2000,Ercot_LZ_South.csv,None,slow,10000,myopic,1,FALSE,300,by_price,3,forward,36,none,FALSE,4,10000,With WS cost + loss component
133,Diss,Austin,2016-12-18 00:00,2016-12-26 00:00,players_Austin,722540TYA.tmy3,july,node_149,HVAC_settings_2016-12-19_2016-12-25_90_OLS.csv,437,0,0,0,1900,Ercot_LZ_South.csv,None,slow,10000,myopic,1,FALSE,300,by_price,3,forward,36,none,FALSE,4,10000,With WS cost + loss component
134,Diss,Austin,2016-12-18 00:00,2016-12-26 00:00,players_Austin,722540TYA.tmy3,july,node_149,HVAC_settings_2016-12-19_2016-12-25_90_OLS.csv,437,0,0,0,1800,Ercot_LZ_South.csv,None,slow,10000,myopic,1,FALSE,300,by_price,3,forward,36,none,FALSE,4,10000,With WS cost + loss component
135,Diss,Austin,2016-12-18 00:00,2016-12-26 00:00,players_Austin,722540TYA.tmy3,july,node_149,HVAC_settings_2016-12-19_2016-12-25_90_OLS.csv,437,0,0,0,1700,Ercot_LZ_South.csv,None,slow,10000,myopic,1,FALSE,300,by_price,3,forward,36,none,FALSE,4,10000,With WS cost + loss component
136,Diss,Austin,2016-12-18 00:00,2016-12-26 00:00,players_Austin,722540TYA.tmy3,july,node_149,HVAC_settings_2016-12-19_2016-12-25_90_OLS.csv,437,0,0,0,1600,Ercot_LZ_South.csv,None,slow,10000,myopic,1,FALSE,300,by_price,3,forward,36,none,FALSE,4,10000,With WS cost + loss component
137,Diss,Austin,2016-12-18 00:00,2016-12-26 00:00,players_Austin,722540TYA.tmy3,july,node_149,HVAC_settings_2016-12-19_2016-12-25_90_OLS.csv,437,0,0,0,1500,Ercot_LZ_South.csv,None,slow,10000,myopic,1,FALSE,300,by_price,3,forward,36,none,FALSE,4,10000,With WS cost + loss component
138,Diss,Austin,2016-12-11 00:00,2016-12-19 00:00,players_Austin,722540TYA.tmy3,july,node_149,HVAC_settings_2016-12-12_2016-12-18_90_OLS.csv,437,0,0,0,2200,Ercot_LZ_South.csv,None,slow,10000,myopic,1,FALSE,300,by_price,3,forward,36,none,FALSE,4,10000,With WS cost + loss component
139,Diss,Austin,2016-12-11 00:00,2016-12-19 00:00,players_Austin,722540TYA.tmy3,july,node_149,HVAC_settings_2016-12-12_2016-12-18_90_OLS.csv,437,0,0,0,2100,Ercot_LZ_South.csv,None,slow,10000,myopic,1,FALSE,300,by_price,3,forward,36,none,FALSE,4,10000,With WS cost + loss component
140,Diss,Austin,2016-12-11 00:00,2016-12-19 00:00,players_Austin,722540TYA.tmy3,july,node_149,HVAC_settings_2016-12-12_2016-12-18_90_OLS.csv,437,0,0,0,2000,Ercot_LZ_South.csv,None,slow,10000,myopic,1,FALSE,300,by_price,3,forward,36,none,FALSE,4,10000,With WS cost + loss component
141,Diss,Austin,2016-12-11 00:00,2016-12-19 00:00,players_Austin,722540TYA.tmy3,july,node_149,HVAC_settings_2016-12-12_2016-12-18_90_OLS.csv,437,0,0,0,1900,Ercot_LZ_South.csv,None,slow,10000,myopic,1,FALSE,300,by_price,3,forward,36,none,FALSE,4,10000,With WS cost + loss component
142,Diss,Austin,2016-12-11 00:00,2016-12-19 00:00,players_Austin,722540TYA.tmy3,july,node_149,HVAC_settings_2016-12-12_2016-12-18_90_OLS.csv,437,0,0,0,1800,Ercot_LZ_South.csv,None,slow,10000,myopic,1,FALSE,300,by_price,3,forward,36,none,FALSE,4,10000,With WS cost + loss component
143,Diss,Austin,2016-12-11 00:00,2016-12-19 00:00,players_Austin,722540TYA.tmy3,july,node_149,HVAC_settings_2016-12-12_2016-12-18_90_OLS.csv,437,0,0,0,1700,Ercot_LZ_South.csv,None,slow,10000,myopic,1,FALSE,300,by_price,3,forward,36,none,FALSE,4,10000,With WS cost + loss component
144,Diss,Austin,2016-12-11 00:00,2016-12-19 00:00,players_Austin,722540TYA.tmy3,july,node_149,HVAC_settings_2016-12-12_2016-12-18_90_OLS.csv,437,0,0,0,1600,Ercot_LZ_South.csv,None,slow,10000,myopic,1,FALSE,300,by_price,3,forward,36,none,FALSE,4,10000,With WS cost + loss component
145,Diss,Austin,2016-12-11 00:00,2016-12-19 00:00,players_Austin,722540TYA.tmy3,july,node_149,HVAC_settings_2016-12-12_2016-12-18_90_OLS.csv,437,0,0,0,1500,Ercot_LZ_South.csv,None,slow,10000,myopic,1,FALSE,300,by_price,3,forward,36,none,FALSE,4,10000,With WS cost + loss component
146,Diss,Austin,2016-01-17 00:00,2016-01-25 00:00,players_Austin,722540TYA.tmy3,july,node_149,HVAC_settings_2016-01-18_2016-01-24_90_OLS.csv,437,0,0,0,2200,Ercot_LZ_South.csv,None,slow,10000,myopic,1,FALSE,300,by_price,3,forward,36,none,FALSE,4,10000,With WS cost + loss component
147,Diss,Austin,2016-01-17 00:00,2016-01-25 00:00,players_Austin,722540TYA.tmy3,july,node_149,HVAC_settings_2016-01-18_2016-01-24_90_OLS.csv,437,0,0,0,2100,Ercot_LZ_South.csv,None,slow,10000,myopic,1,FALSE,300,by_price,3,forward,36,none,FALSE,4,10000,With WS cost + loss component
148,Diss,Austin,2016-01-17 00:00,2016-01-25 00:00,players_Austin,722540TYA.tmy3,july,node_149,HVAC_settings_2016-01-18_2016-01-24_90_OLS.csv,437,0,0,0,2000,Ercot_LZ_South.csv,None,slow,10000,myopic,1,FALSE,300,by_price,3,forward,36,none,FALSE,4,10000,With WS cost + loss component
149,Diss,Austin,2016-01-17 00:00,2016-01-25 00:00,players_Austin,722540TYA.tmy3,july,node_149,HVAC_settings_2016-01-18_2016-01-24_90_OLS.csv,437,0,0,0,1900,Ercot_LZ_South.csv,None,slow,10000,myopic,1,FALSE,300,by_price,3,forward,36,none,FALSE,4,10000,With WS cost + loss component
150,Diss,Austin,2016-01-17 00:00,2016-01-25 00:00,players_Austin,722540TYA.tmy3,july,node_149,HVAC_settings_2016-01-18_2016-01-24_90_OLS.csv,437,0,0,0,1800,Ercot_LZ_South.csv,None,slow,10000,myopic,1,FALSE,300,by_price,3,forward,36,none,FALSE,4,10000,With WS cost + loss component
151,Diss,Austin,2016-01-17 00:00,2016-01-25 00:00,players_Austin,722540TYA.tmy3,july,node_149,HVAC_settings_2016-01-18_2016-01-24_90_OLS.csv,437,0,0,0,1700,Ercot_LZ_South.csv,None,slow,10000,myopic,1,FALSE,300,by_price,3,forward,36,none,FALSE,4,10000,With WS cost + loss component
152,Diss,Austin,2016-01-17 00:00,2016-01-25 00:00,players_Austin,722540TYA.tmy3,july,node_149,HVAC_settings_2016-01-18_2016-01-24_90_OLS.csv,437,0,0,0,1600,Ercot_LZ_South.csv,None,slow,10000,myopic,1,FALSE,300,by_price,3,forward,36,none,FALSE,4,10000,With WS cost + loss component
153,Diss,Austin,2016-01-17 00:00,2016-01-25 00:00,players_Austin,722540TYA.tmy3,july,node_149,HVAC_settings_2016-01-18_2016-01-24_90_OLS.csv,437,0,0,0,1500,Ercot_LZ_South.csv,None,slow,10000,myopic,1,FALSE,300,by_price,3,forward,36,none,FALSE,4,10000,With WS cost + loss component
154,Diss,Austin,2016-07-31 00:00,2016-08-08 00:00,players_Austin,722540TYA.tmy3,july,node_149,HVAC_settings_2016-08-01_2016-08-07_90_OLS.csv,437,1,0,0,100000,Ercot_LZ_South.csv,None,slow,10000,myopic,1,FALSE,300,by_price,3,forward,36,none,FALSE,4,10000,With WS cost + loss component
155,Diss,Austin,2016-07-31 00:00,2016-08-08 00:00,players_Austin,722540TYA.tmy3,july,node_149,HVAC_settings_2016-08-01_2016-08-08_90_OLS.csv,437,0,0,0,100000,Ercot_LZ_South.csv,None,slow,10000,myopic,1,FALSE,300,by_price,3,forward,36,none,FALSE,4,10000,With WS cost + loss component
156,Diss,Austin,2016-03-27 00:00,2016-04-04 00:00,players_Austin,722540TYA.tmy3,july,node_149,HVAC_settings_2016-03-28_2016-04-03_90_OLS.csv,437,0,0,0,100000,Ercot_LZ_South.csv,None,slow,10000,myopic,1,FALSE,300,by_price,3,forward,36,none,FALSE,4,10000,Ercot LZ South
157,Diss,Austin,2016-01-03 00:00,2016-01-11 00:00,players_Austin,722540TYA.tmy3,july,node_149,HVAC_settings_2016-01-04_2016-01-10_90_OLS.csv,437,0,0,0,100000,Ercot_LZ_South.csv,None,slow,10000,myopic,1,FALSE,300,by_price,3,forward,36,none,FALSE,4,10000,With WS cost + loss component
158,Diss,Austin,2016-03-27 00:00,2016-04-04 00:00,players_Austin,722540TYA.tmy3,july,node_149,HVAC_settings_2016-03-28_2016-04-03_90_OLS.csv,437,0,0,0,100000,Ercot_LZ_South.csv,None,slow,10000,myopic,1,FALSE,300,by_price,3,forward,36,none,FALSE,4,10000,Test zip load
159,Diss,Austin,2016-01-10 00:00,2016-01-18 00:00,players_Austin,722540TYA.tmy3,july,node_149,HVAC_settings_2016-01-11_2016-01-17_90_OLS.csv,437,0,0,0,100000,Ercot_LZ_South.csv,None,slow,10000,myopic,1,FALSE,300,by_price,3,forward,36,none,FALSE,4,10000,With WS cost + loss component
160,Diss,Austin,2016-01-24 00:00,2016-02-01 00:00,players_Austin,722540TYA.tmy3,july,node_149,HVAC_settings_2016-01-25_2016-01-31_90_OLS.csv,437,0,0,0,100000,Ercot_LZ_South.csv,None,slow,10000,myopic,1,FALSE,300,by_price,3,forward,36,none,FALSE,4,10000,With WS cost + loss component
161,Diss,Austin,2016-01-31 00:00,2016-02-08 00:00,players_Austin,722540TYA.tmy3,july,node_149,HVAC_settings_2016-02-01_2016-02-07_90_OLS.csv,437,0,0,0,100000,Ercot_LZ_South.csv,None,slow,10000,myopic,1,FALSE,300,by_price,3,forward,36,none,FALSE,4,10000,With WS cost + loss component
162,Diss,Austin,2016-02-07 00:00,2016-02-15 00:00,players_Austin,722540TYA.tmy3,july,node_149,HVAC_settings_2016-02-08_2016-02-14_90_OLS.csv,437,0,0,0,100000,Ercot_LZ_South.csv,None,slow,10000,myopic,1,FALSE,300,by_price,3,forward,36,none,FALSE,4,10000,With WS cost + loss component
163,Diss,Austin,2016-02-14 00:00,2016-02-22 00:00,players_Austin,722540TYA.tmy3,july,node_149,HVAC_settings_2016-02-15_2016-02-21_90_OLS.csv,437,0,0,0,100000,Ercot_LZ_South.csv,None,slow,10000,myopic,1,FALSE,300,by_price,3,forward,36,none,FALSE,4,10000,With WS cost + loss component
164,Diss,Austin,2016-02-21 00:00,2016-02-29 00:00,players_Austin,722540TYA.tmy3,july,node_149,HVAC_settings_2016-02-22_2016-02-28_90_OLS.csv,437,0,0,0,100000,Ercot_LZ_South.csv,None,slow,10000,myopic,1,FALSE,300,by_price,3,forward,36,none,FALSE,4,10000,With WS cost + loss component
165,Diss,Austin,2016-02-28 00:00,2016-03-07 00:00,players_Austin,722540TYA.tmy3,july,node_149,HVAC_settings_2016-02-29_2016-03-06_90_OLS.csv,437,0,0,0,100000,Ercot_LZ_South.csv,None,slow,10000,myopic,1,FALSE,300,by_price,3,forward,36,none,FALSE,4,10000,With WS cost + loss component
166,Diss,Austin,2016-03-06 00:00,2016-03-14 00:00,players_Austin,722540TYA.tmy3,july,node_149,HVAC_settings_2016-03-07_2016-03-13_90_OLS.csv,437,0,0,0,100000,Ercot_LZ_South.csv,None,slow,10000,myopic,1,FALSE,300,by_price,3,forward,36,none,FALSE,4,10000,With WS cost + loss component
167,Diss,Austin,2016-03-13 00:00,2016-03-21 00:00,players_Austin,722540TYA.tmy3,july,node_149,HVAC_settings_2016-03-14_2016-03-20_90_OLS.csv,437,0,0,0,100000,Ercot_LZ_South.csv,None,slow,10000,myopic,1,FALSE,300,by_price,3,forward,36,none,FALSE,4,10000,With WS cost + loss component
168,Diss,Austin,2016-03-20 00:00,2016-03-28 00:00,players_Austin,722540TYA.tmy3,july,node_149,HVAC_settings_2016-03-21_2016-03-27_90_OLS.csv,437,0,0,0,100000,Ercot_LZ_South.csv,None,slow,10000,myopic,1,FALSE,300,by_price,3,forward,36,none,FALSE,4,10000,With WS cost + loss component
169,Diss,Austin,2016-04-03 00:00,2016-04-11 00:00,players_Austin,722540TYA.tmy3,july,node_149,HVAC_settings_2016-04-04_2016-04-10_90_OLS.csv,437,0,0,0,100000,Ercot_LZ_South.csv,None,slow,10000,myopic,1,FALSE,300,by_price,3,forward,36,none,FALSE,4,10000,With WS cost + loss component
170,Diss,Austin,2016-04-10 00:00,2016-04-18 00:00,players_Austin,722540TYA.tmy3,july,node_149,HVAC_settings_2016-04-11_2016-04-17_90_OLS.csv,437,0,0,0,100000,Ercot_LZ_South.csv,None,slow,10000,myopic,1,FALSE,300,by_price,3,forward,36,none,FALSE,4,10000,With WS cost + loss component
171,Diss,Austin,2016-04-17 00:00,2016-04-25 00:00,players_Austin,722540TYA.tmy3,july,node_149,HVAC_settings_2016-04-18_2016-04-24_90_OLS.csv,437,0,0,0,100000,Ercot_LZ_South.csv,None,slow,10000,myopic,1,FALSE,300,by_price,3,forward,36,none,FALSE,4,10000,With WS cost + loss component
172,Diss,Austin,2016-04-24 00:00,2016-05-02 00:00,players_Austin,722540TYA.tmy3,july,node_149,HVAC_settings_2016-04-25_2016-05-01_90_OLS.csv,437,0,0,0,100000,Ercot_LZ_South.csv,None,slow,10000,myopic,1,FALSE,300,by_price,3,forward,36,none,FALSE,4,10000,With WS cost + loss component
173,Diss,Austin,2016-05-01 00:00,2016-05-09 00:00,players_Austin,722540TYA.tmy3,july,node_149,HVAC_settings_2016-05-02_2016-05-08_90_OLS.csv,437,0,0,0,100000,Ercot_LZ_South.csv,None,slow,10000,myopic,1,FALSE,300,by_price,3,forward,36,none,FALSE,4,10000,With WS cost + loss component
174,Diss,Austin,2016-05-08 00:00,2016-05-16 00:00,players_Austin,722540TYA.tmy3,july,node_149,HVAC_settings_2016-05-09_2016-05-15_90_OLS.csv,437,0,0,0,100000,Ercot_LZ_South.csv,None,slow,10000,myopic,1,FALSE,300,by_price,3,forward,36,none,FALSE,4,10000,With WS cost + loss component
175,Diss,Austin,2016-05-15 00:00,2016-05-23 00:00,players_Austin,722540TYA.tmy3,july,node_149,HVAC_settings_2016-05-16_2016-05-22_90_OLS.csv,437,0,0,0,100000,Ercot_LZ_South.csv,None,slow,10000,myopic,1,FALSE,300,by_price,3,forward,36,none,FALSE,4,10000,With WS cost + loss component
176,Diss,Austin,2016-05-22 00:00,2016-05-30 00:00,players_Austin,722540TYA.tmy3,july,node_149,HVAC_settings_2016-05-23_2016-05-29_90_OLS.csv,437,0,0,0,100000,Ercot_LZ_South.csv,None,slow,10000,myopic,1,FALSE,300,by_price,3,forward,36,none,FALSE,4,10000,With WS cost + loss component
177,Diss,Austin,2016-05-29 00:00,2016-06-06 00:00,players_Austin,722540TYA.tmy3,july,node_149,HVAC_settings_2016-05-30_2016-06-05_90_OLS.csv,437,0,0,0,100000,Ercot_LZ_South.csv,None,slow,10000,myopic,1,FALSE,300,by_price,3,forward,36,none,FALSE,4,10000,With WS cost + loss component
178,Diss,Austin,2016-06-05 00:00,2016-06-13 00:00,players_Austin,722540TYA.tmy3,july,node_149,HVAC_settings_2016-06-06_2016-06-12_90_OLS.csv,437,0,0,0,100000,Ercot_LZ_South.csv,None,slow,10000,myopic,1,FALSE,300,by_price,3,forward,36,none,FALSE,4,10000,With WS cost + loss component
179,Diss,Austin,2016-06-12 00:00,2016-06-20 00:00,players_Austin,722540TYA.tmy3,july,node_149,HVAC_settings_2016-06-13_2016-06-19_90_OLS.csv,437,0,0,0,100000,Ercot_LZ_South.csv,None,slow,10000,myopic,1,FALSE,300,by_price,3,forward,36,none,FALSE,4,10000,With WS cost + loss component
180,Diss,Austin,2016-06-19 00:00,2016-06-27 00:00,players_Austin,722540TYA.tmy3,july,node_149,HVAC_settings_2016-06-20_2016-06-26_90_OLS.csv,437,0,0,0,100000,Ercot_LZ_South.csv,None,slow,10000,myopic,1,FALSE,300,by_price,3,forward,36,none,FALSE,4,10000,With WS cost + loss component
181,Diss,Austin,2016-06-26 00:00,2016-07-04 00:00,players_Austin,722540TYA.tmy3,july,node_149,HVAC_settings_2016-06-27_2016-07-03_90_OLS.csv,437,0,0,0,100000,Ercot_LZ_South.csv,None,slow,10000,myopic,1,FALSE,300,by_price,3,forward,36,none,FALSE,4,10000,With WS cost + loss component
182,Diss,Austin,2016-07-03 00:00,2016-07-11 00:00,players_Austin,722540TYA.tmy3,july,node_149,HVAC_settings_2016-07-04_2016-07-10_90_OLS.csv,437,0,0,0,100000,Ercot_LZ_South.csv,None,slow,10000,myopic,1,FALSE,300,by_price,3,forward,36,none,FALSE,4,10000,With WS cost + loss component
183,Diss,Austin,2016-07-10 00:00,2016-07-18 00:00,players_Austin,722540TYA.tmy3,july,node_149,HVAC_settings_2016-07-11_2016-07-17_90_OLS.csv,437,0,0,0,100000,Ercot_LZ_South.csv,None,slow,10000,myopic,1,FALSE,300,by_price,3,forward,36,none,FALSE,4,10000,With WS cost + loss component
184,Diss,Austin,2016-07-24 00:00,2016-08-01 00:00,players_Austin,722540TYA.tmy3,july,node_149,HVAC_settings_2016-07-25_2016-07-31_90_OLS.csv,437,0,0,0,100000,Ercot_LZ_South.csv,None,slow,10000,myopic,1,FALSE,300,by_price,3,forward,36,none,FALSE,4,10000,With WS cost + loss component
185,Diss,Austin,2016-08-07 00:00,2016-08-15 00:00,players_Austin,722540TYA.tmy3,july,node_149,HVAC_settings_2016-08-08_2016-08-14_90_OLS.csv,437,0,0,0,100000,Ercot_LZ_South.csv,None,slow,10000,myopic,1,FALSE,300,by_price,3,forward,36,none,FALSE,4,10000,With WS cost + loss component
186,Diss,Austin,2016-08-14 00:00,2016-08-22 00:00,players_Austin,722540TYA.tmy3,july,node_149,HVAC_settings_2016-08-15_2016-08-21_90_OLS.csv,437,0,0,0,100000,Ercot_LZ_South.csv,None,slow,10000,myopic,1,FALSE,300,by_price,3,forward,36,none,FALSE,4,10000,With WS cost + loss component
187,Diss,Austin,2016-08-21 00:00,2016-08-29 00:00,players_Austin,722540TYA.tmy3,july,node_149,HVAC_settings_2016-08-22_2016-08-28_90_OLS.csv,437,0,0,0,100000,Ercot_LZ_South.csv,None,slow,10000,myopic,1,FALSE,300,by_price,3,forward,36,none,FALSE,4,10000,With WS cost + loss component
188,Diss,Austin,2016-08-28 00:00,2016-09-05 00:00,players_Austin,722540TYA.tmy3,july,node_149,HVAC_settings_2016-08-29_2016-09-04_90_OLS.csv,437,0,0,0,100000,Ercot_LZ_South.csv,None,slow,10000,myopic,1,FALSE,300,by_price,3,forward,36,none,FALSE,4,10000,With WS cost + loss component
189,Diss,Austin,2016-09-04 00:00,2016-09-12 00:00,players_Austin,722540TYA.tmy3,july,node_149,HVAC_settings_2016-09-05_2016-09-11_90_OLS.csv,437,0,0,0,100000,Ercot_LZ_South.csv,None,slow,10000,myopic,1,FALSE,300,by_price,3,forward,36,none,FALSE,4,10000,With WS cost + loss component
190,Diss,Austin,2016-09-18 00:00,2016-09-26 00:00,players_Austin,722540TYA.tmy3,july,node_149,HVAC_settings_2016-09-19_2016-09-25_90_OLS.csv,437,0,0,0,100000,Ercot_LZ_South.csv,None,slow,10000,myopic,1,FALSE,300,by_price,3,forward,36,none,FALSE,4,10000,With WS cost + loss component
191,Diss,Austin,2016-09-25 00:00,2016-10-03 00:00,players_Austin,722540TYA.tmy3,july,node_149,HVAC_settings_2016-09-26_2016-10-02_90_OLS.csv,437,0,0,0,100000,Ercot_LZ_South.csv,None,slow,10000,myopic,1,FALSE,300,by_price,3,forward,36,none,FALSE,4,10000,With WS cost + loss component
192,Diss,Austin,2016-10-02 00:00,2016-10-10 00:00,players_Austin,722540TYA.tmy3,july,node_149,HVAC_settings_2016-10-03_2016-10-09_90_OLS.csv,437,0,0,0,100000,Ercot_LZ_South.csv,None,slow,10000,myopic,1,FALSE,300,by_price,3,forward,36,none,FALSE,4,10000,With WS cost + loss component
193,Diss,Austin,2016-10-09 00:00,2016-10-17 00:00,players_Austin,722540TYA.tmy3,july,node_149,HVAC_settings_2016-10-10_2016-10-16_90_OLS.csv,437,0,0,0,100000,Ercot_LZ_South.csv,None,slow,10000,myopic,1,FALSE,300,by_price,3,forward,36,none,FALSE,4,10000,With WS cost + loss component
194,Diss,Austin,2016-10-16 00:00,2016-10-24 00:00,players_Austin,722540TYA.tmy3,july,node_149,HVAC_settings_2016-10-17_2016-10-23_90_OLS.csv,437,0,0,0,100000,Ercot_LZ_South.csv,None,slow,10000,myopic,1,FALSE,300,by_price,3,forward,36,none,FALSE,4,10000,With WS cost + loss component
195,Diss,Austin,2016-10-23 00:00,2016-10-31 00:00,players_Austin,722540TYA.tmy3,july,node_149,HVAC_settings_2016-10-24_2016-10-30_90_OLS.csv,437,0,0,0,100000,Ercot_LZ_South.csv,None,slow,10000,myopic,1,FALSE,300,by_price,3,forward,36,none,FALSE,4,10000,With WS cost + loss component
196,Diss,Austin,2016-10-30 00:00,2016-11-07 00:00,players_Austin,722540TYA.tmy3,july,node_149,HVAC_settings_2016-10-31_2016-11-06_90_OLS.csv,437,0,0,0,100000,Ercot_LZ_South.csv,None,slow,10000,myopic,1,FALSE,300,by_price,3,forward,36,none,FALSE,4,10000,With WS cost + loss component
197,Diss,Austin,2016-11-06 00:00,2016-11-14 00:00,players_Austin,722540TYA.tmy3,july,node_149,HVAC_settings_2016-11-07_2016-11-13_90_OLS.csv,437,0,0,0,100000,Ercot_LZ_South.csv,None,slow,10000,myopic,1,FALSE,300,by_price,3,forward,36,none,FALSE,4,10000,With WS cost + loss component
198,Diss,Austin,2016-11-13 00:00,2016-11-21 00:00,players_Austin,722540TYA.tmy3,july,node_149,HVAC_settings_2016-11-14_2016-11-20_90_OLS.csv,437,0,0,0,100000,Ercot_LZ_South.csv,None,slow,10000,myopic,1,FALSE,300,by_price,3,forward,36,none,FALSE,4,10000,With WS cost + loss component
199,Diss,Austin,2016-11-20 00:00,2016-11-28 00:00,players_Austin,722540TYA.tmy3,july,node_149,HVAC_settings_2016-11-21_2016-11-27_90_OLS.csv,437,0,0,0,100000,Ercot_LZ_South.csv,None,slow,10000,myopic,1,FALSE,300,by_price,3,forward,36,none,FALSE,4,10000,With WS cost + loss component
200,Diss,Austin,2016-11-27 00:00,2016-12-05 00:00,players_Austin,722540TYA.tmy3,july,node_149,HVAC_settings_2016-11-28_2016-12-04_90_OLS.csv,437,0,0,0,100000,Ercot_LZ_South.csv,None,slow,10000,myopic,1,FALSE,300,by_price,3,forward,36,none,FALSE,4,10000,With WS cost + loss component
201,Diss,Austin,2016-12-04 00:00,2016-12-12 00:00,players_Austin,722540TYA.tmy3,july,node_149,HVAC_settings_2016-12-05_2016-12-11_90_OLS.csv,437,0,0,0,100000,Ercot_LZ_South.csv,None,slow,10000,myopic,1,FALSE,300,by_price,3,forward,36,none,FALSE,4,10000,With WS cost + loss component
202,Diss,Austin,2016-07-01 00:00,2016-08-01 00:00,players_Austin,722540TYA.tmy3,july,node_149,HVAC_settings_2016-12-05_2016-12-11_90_OLS.csv,0,0,0,0,100000,Ercot_LZ_South.csv,None,slow,10000,myopic,0,FALSE,300,by_price,3,forward,36,none,FALSE,4,10000,yeal-long sim wo PV/no market
203,Diss,Austin,2016-07-31 00:00,2016-08-08 00:00,players_Austin,722540TYA.tmy3,july,node_149,HVAC_settings_2016-08-01_2016-08-07_90_OLS2.csv,437,0,0,0,100000,Ercot_LZ_South.csv,None,slow,10000,myopic,1,FALSE,300,by_price,3,forward,36,none,FALSE,4,10000,Corrected calculation of RR (duplicates in df_WS)
204,Diss,Austin,2016-07-17 00:00,2016-07-25 00:00,players_Austin,722540TYA.tmy3,july,node_149,HVAC_settings_2016-07-18_2016-07-24_90_OLS2.csv,437,0,0,0,100000,Ercot_LZ_South.csv,None,slow,10000,myopic,1,FALSE,300,by_price,3,forward,36,none,FALSE,4,10000,
205,Diss,Austin,2016-09-11 00:00,2016-09-19 00:00,players_Austin,722540TYA.tmy3,july,node_149,HVAC_settings_2016-09-12_2016-09-18_90_OLS2.csv,437,0,0,0,100000,Ercot_LZ_South.csv,None,slow,10000,myopic,1,FALSE,300,by_price,3,forward,36,none,FALSE,4,10000,
206,Diss,Austin,2016-12-18 00:00,2016-12-26 00:00,players_Austin,722540TYA.tmy3,july,node_149,HVAC_settings_2016-12-19_2016-12-25_90_OLS2.csv,437,0,0,0,100000,Ercot_LZ_South.csv,None,slow,10000,myopic,1,FALSE,300,by_price,3,forward,36,none,FALSE,4,10000,
207,Diss,Austin,2016-12-11 00:00,2016-12-19 00:00,players_Austin,722540TYA.tmy3,july,node_149,HVAC_settings_2016-12-12_2016-12-18_90_OLS2.csv,437,0,0,0,100000,Ercot_LZ_South.csv,None,slow,10000,myopic,1,FALSE,300,by_price,3,forward,36,none,FALSE,4,10000,
208,Diss,Austin,2016-01-17 00:00,2016-01-25 00:00,players_Austin,722540TYA.tmy3,july,node_149,HVAC_settings_2016-01-18_2016-01-24_90_OLS2.csv,437,0,0,0,100000,Ercot_LZ_South.csv,None,slow,10000,myopic,1,FALSE,300,by_price,3,forward,36,none,FALSE,4,10000,
209,Diss,Austin,2016-12-18 00:00,2016-12-26 00:00,players_Austin,722540TYA.tmy3,july,node_149,HVAC_settings_2016-12-19_2016-12-25_90_OLS2.csv,437,0,0,0,2200,Ercot_LZ_South.csv,None,slow,10000,myopic,1,FALSE,300,by_price,3,forward,36,none,FALSE,4,10000,
210,Diss,Austin,2016-12-18 00:00,2016-12-26 00:00,players_Austin,722540TYA.tmy3,july,node_149,HVAC_settings_2016-12-19_2016-12-25_90_OLS2.csv,437,0,0,0,2100,Ercot_LZ_South.csv,None,slow,10000,myopic,1,FALSE,300,by_price,3,forward,36,none,FALSE,4,10000,
211,Diss,Austin,2016-12-18 00:00,2016-12-26 00:00,players_Austin,722540TYA.tmy3,july,node_149,HVAC_settings_2016-12-19_2016-12-25_90_OLS2.csv,437,0,0,0,2000,Ercot_LZ_South.csv,None,slow,10000,myopic,1,FALSE,300,by_price,3,forward,36,none,FALSE,4,10000,
212,Diss,Austin,2016-12-18 00:00,2016-12-26 00:00,players_Austin,722540TYA.tmy3,july,node_149,HVAC_settings_2016-12-19_2016-12-25_90_OLS2.csv,437,0,0,0,1900,Ercot_LZ_South.csv,None,slow,10000,myopic,1,FALSE,300,by_price,3,forward,36,none,FALSE,4,10000,
213,Diss,Austin,2016-12-18 00:00,2016-12-26 00:00,players_Austin,722540TYA.tmy3,july,node_149,HVAC_settings_2016-12-19_2016-12-25_90_OLS2.csv,437,0,0,0,1800,Ercot_LZ_South.csv,None,slow,10000,myopic,1,FALSE,300,by_price,3,forward,36,none,FALSE,4,10000,
214,Diss,Austin,2016-12-18 00:00,2016-12-26 00:00,players_Austin,722540TYA.tmy3,july,node_149,HVAC_settings_2016-12-19_2016-12-25_90_OLS2.csv,437,0,0,0,1700,Ercot_LZ_South.csv,None,slow,10000,myopic,1,FALSE,300,by_price,3,forward,36,none,FALSE,4,10000,
215,Diss,Austin,2016-12-18 00:00,2016-12-26 00:00,players_Austin,722540TYA.tmy3,july,node_149,HVAC_settings_2016-12-19_2016-12-25_90_OLS2.csv,437,0,0,0,1600,Ercot_LZ_South.csv,None,slow,10000,myopic,1,FALSE,300,by_price,3,forward,36,none,FALSE,4,10000,
216,Diss,Austin,2016-12-18 00:00,2016-12-26 00:00,players_Austin,722540TYA.tmy3,july,node_149,HVAC_settings_2016-12-19_2016-12-25_90_OLS2.csv,437,0,0,0,1500,Ercot_LZ_South.csv,None,slow,10000,myopic,1,FALSE,300,by_price,3,forward,36,none,FALSE,4,10000,
217,Diss,Austin,2016-12-11 00:00,2016-12-19 00:00,players_Austin,722540TYA.tmy3,july,node_149,HVAC_settings_2016-12-12_2016-12-18_90_OLS2.csv,437,0,0,0,2200,Ercot_LZ_South.csv,None,slow,10000,myopic,1,FALSE,300,by_price,3,forward,36,none,FALSE,4,10000,
218,Diss,Austin,2016-12-11 00:00,2016-12-19 00:00,players_Austin,722540TYA.tmy3,july,node_149,HVAC_settings_2016-12-12_2016-12-18_90_OLS2.csv,437,0,0,0,2100,Ercot_LZ_South.csv,None,slow,10000,myopic,1,FALSE,300,by_price,3,forward,36,none,FALSE,4,10000,
219,Diss,Austin,2016-12-11 00:00,2016-12-19 00:00,players_Austin,722540TYA.tmy3,july,node_149,HVAC_settings_2016-12-12_2016-12-18_90_OLS2.csv,437,0,0,0,2000,Ercot_LZ_South.csv,None,slow,10000,myopic,1,FALSE,300,by_price,3,forward,36,none,FALSE,4,10000,
220,Diss,Austin,2016-12-11 00:00,2016-12-19 00:00,players_Austin,722540TYA.tmy3,july,node_149,HVAC_settings_2016-12-12_2016-12-18_90_OLS2.csv,437,0,0,0,1900,Ercot_LZ_South.csv,None,slow,10000,myopic,1,FALSE,300,by_price,3,forward,36,none,FALSE,4,10000,
221,Diss,Austin,2016-12-11 00:00,2016-12-19 00:00,players_Austin,722540TYA.tmy3,july,node_149,HVAC_settings_2016-12-12_2016-12-18_90_OLS2.csv,437,0,0,0,1800,Ercot_LZ_South.csv,None,slow,10000,myopic,1,FALSE,300,by_price,3,forward,36,none,FALSE,4,10000,
222,Diss,Austin,2016-12-11 00:00,2016-12-19 00:00,players_Austin,722540TYA.tmy3,july,node_149,HVAC_settings_2016-12-12_2016-12-18_90_OLS2.csv,437,0,0,0,1700,Ercot_LZ_South.csv,None,slow,10000,myopic,1,FALSE,300,by_price,3,forward,36,none,FALSE,4,10000,
223,Diss,Austin,2016-12-11 00:00,2016-12-19 00:00,players_Austin,722540TYA.tmy3,july,node_149,HVAC_settings_2016-12-12_2016-12-18_90_OLS2.csv,437,0,0,0,1600,Ercot_LZ_South.csv,None,slow,10000,myopic,1,FALSE,300,by_price,3,forward,36,none,FALSE,4,10000,
224,Diss,Austin,2016-12-11 00:00,2016-12-19 00:00,players_Austin,722540TYA.tmy3,july,node_149,HVAC_settings_2016-12-12_2016-12-18_90_OLS2.csv,437,0,0,0,1500,Ercot_LZ_South.csv,None,slow,10000,myopic,1,FALSE,300,by_price,3,forward,36,none,FALSE,4,10000,
225,Diss,Austin,2016-01-17 00:00,2016-01-25 00:00,players_Austin,722540TYA.tmy3,july,node_149,HVAC_settings_2016-01-18_2016-01-24_90_OLS2.csv,437,0,0,0,2200,Ercot_LZ_South.csv,None,slow,10000,myopic,1,FALSE,300,by_price,3,forward,36,none,FALSE,4,10000,
226,Diss,Austin,2016-01-17 00:00,2016-01-25 00:00,players_Austin,722540TYA.tmy3,july,node_149,HVAC_settings_2016-01-18_2016-01-24_90_OLS2.csv,437,0,0,0,2100,Ercot_LZ_South.csv,None,slow,10000,myopic,1,FALSE,300,by_price,3,forward,36,none,FALSE,4,10000,
227,Diss,Austin,2016-01-17 00:00,2016-01-25 00:00,players_Austin,722540TYA.tmy3,july,node_149,HVAC_settings_2016-01-18_2016-01-24_90_OLS2.csv,437,0,0,0,2000,Ercot_LZ_South.csv,None,slow,10000,myopic,1,FALSE,300,by_price,3,forward,36,none,FALSE,4,10000,
228,Diss,Austin,2016-01-17 00:00,2016-01-25 00:00,players_Austin,722540TYA.tmy3,july,node_149,HVAC_settings_2016-01-18_2016-01-24_90_OLS2.csv,437,0,0,0,1900,Ercot_LZ_South.csv,None,slow,10000,myopic,1,FALSE,300,by_price,3,forward,36,none,FALSE,4,10000,
229,Diss,Austin,2016-01-17 00:00,2016-01-25 00:00,players_Austin,722540TYA.tmy3,july,node_149,HVAC_settings_2016-01-18_2016-01-24_90_OLS2.csv,437,0,0,0,1800,Ercot_LZ_South.csv,None,slow,10000,myopic,1,FALSE,300,by_price,3,forward,36,none,FALSE,4,10000,
230,Diss,Austin,2016-01-17 00:00,2016-01-25 00:00,players_Austin,722540TYA.tmy3,july,node_149,HVAC_settings_2016-01-18_2016-01-24_90_OLS2.csv,437,0,0,0,1700,Ercot_LZ_South.csv,None,slow,10000,myopic,1,FALSE,300,by_price,3,forward,36,none,FALSE,4,10000,
231,Diss,Austin,2016-01-17 00:00,2016-01-25 00:00,players_Austin,722540TYA.tmy3,july,node_149,HVAC_settings_2016-01-18_2016-01-24_90_OLS2.csv,437,0,0,0,1600,Ercot_LZ_South.csv,None,slow,10000,myopic,1,FALSE,300,by_price,3,forward,36,none,FALSE,4,10000,
232,Diss,Austin,2016-01-17 00:00,2016-01-25 00:00,players_Austin,722540TYA.tmy3,july,node_149,HVAC_settings_2016-01-18_2016-01-24_90_OLS2.csv,437,0,0,0,1500,Ercot_LZ_South.csv,None,slow,10000,myopic,1,FALSE,300,by_price,3,forward,36,none,FALSE,4,10000,
233,Diss,Austin,2016-07-31 00:00,2016-08-08 00:00,players_Austin,722540TYA.tmy3,july,node_149,HVAC_settings_2016-08-01_2016-08-07_90_OLS2.csv,437,1,0,0,100000,Ercot_LZ_South.csv,None,slow,10000,myopic,1,FALSE,300,by_price,3,forward,36,none,FALSE,4,10000,
234,Diss,Austin,2016-07-31 00:00,2016-08-08 00:00,players_Austin,722540TYA.tmy3,july,node_149,HVAC_settings_2016-08-01_2016-08-08_90_OLS2.csv,437,0,0,0,100000,Ercot_LZ_South.csv,None,slow,10000,myopic,1,FALSE,300,by_price,3,forward,36,none,FALSE,4,10000,
235,Diss,Austin,2016-03-27 00:00,2016-04-04 00:00,players_Austin,722540TYA.tmy3,july,node_149,HVAC_settings_2016-03-28_2016-04-03_90_OLS2.csv,437,0,0,0,100000,Ercot_LZ_South.csv,None,slow,10000,myopic,1,FALSE,300,by_price,3,forward,36,none,FALSE,4,10000,
236,Diss,Austin,2016-01-03 00:00,2016-01-11 00:00,players_Austin,722540TYA.tmy3,july,node_149,HVAC_settings_2016-01-04_2016-01-10_90_OLS2.csv,437,0,0,0,100000,Ercot_LZ_South.csv,None,slow,10000,myopic,1,FALSE,300,by_price,3,forward,36,none,FALSE,4,10000,
237,Diss,Austin,2016-03-27 00:00,2016-04-04 00:00,players_Austin,722540TYA.tmy3,july,node_149,HVAC_settings_2016-03-28_2016-04-03_90_OLS2.csv,437,0,0,0,100000,Ercot_LZ_South.csv,None,slow,10000,myopic,1,FALSE,300,by_price,3,forward,36,none,FALSE,4,10000,
238,Diss,Austin,2016-01-10 00:00,2016-01-18 00:00,players_Austin,722540TYA.tmy3,july,node_149,HVAC_settings_2016-01-11_2016-01-17_90_OLS2.csv,437,0,0,0,100000,Ercot_LZ_South.csv,None,slow,10000,myopic,1,FALSE,300,by_price,3,forward,36,none,FALSE,4,10000,
239,Diss,Austin,2016-01-24 00:00,2016-02-01 00:00,players_Austin,722540TYA.tmy3,july,node_149,HVAC_settings_2016-01-25_2016-01-31_90_OLS2.csv,437,0,0,0,100000,Ercot_LZ_South.csv,None,slow,10000,myopic,1,FALSE,300,by_price,3,forward,36,none,FALSE,4,10000,
240,Diss,Austin,2016-01-31 00:00,2016-02-08 00:00,players_Austin,722540TYA.tmy3,july,node_149,HVAC_settings_2016-02-01_2016-02-07_90_OLS2.csv,437,0,0,0,100000,Ercot_LZ_South.csv,None,slow,10000,myopic,1,FALSE,300,by_price,3,forward,36,none,FALSE,4,10000,
241,Diss,Austin,2016-02-07 00:00,2016-02-15 00:00,players_Austin,722540TYA.tmy3,july,node_149,HVAC_settings_2016-02-08_2016-02-14_90_OLS2.csv,437,0,0,0,100000,Ercot_LZ_South.csv,None,slow,10000,myopic,1,FALSE,300,by_price,3,forward,36,none,FALSE,4,10000,
242,Diss,Austin,2016-02-14 00:00,2016-02-22 00:00,players_Austin,722540TYA.tmy3,july,node_149,HVAC_settings_2016-02-15_2016-02-21_90_OLS2.csv,437,0,0,0,100000,Ercot_LZ_South.csv,None,slow,10000,myopic,1,FALSE,300,by_price,3,forward,36,none,FALSE,4,10000,
243,Diss,Austin,2016-02-21 00:00,2016-02-29 00:00,players_Austin,722540TYA.tmy3,july,node_149,HVAC_settings_2016-02-22_2016-02-28_90_OLS2.csv,437,0,0,0,100000,Ercot_LZ_South.csv,None,slow,10000,myopic,1,FALSE,300,by_price,3,forward,36,none,FALSE,4,10000,
244,Diss,Austin,2016-02-28 00:00,2016-03-07 00:00,players_Austin,722540TYA.tmy3,july,node_149,HVAC_settings_2016-02-29_2016-03-06_90_OLS2.csv,437,0,0,0,100000,Ercot_LZ_South.csv,None,slow,10000,myopic,1,FALSE,300,by_price,3,forward,36,none,FALSE,4,10000,
245,Diss,Austin,2016-03-06 00:00,2016-03-14 00:00,players_Austin,722540TYA.tmy3,july,node_149,HVAC_settings_2016-03-07_2016-03-13_90_OLS2.csv,437,0,0,0,100000,Ercot_LZ_South.csv,None,slow,10000,myopic,1,FALSE,300,by_price,3,forward,36,none,FALSE,4,10000,
246,Diss,Austin,2016-03-13 00:00,2016-03-21 00:00,players_Austin,722540TYA.tmy3,july,node_149,HVAC_settings_2016-03-14_2016-03-20_90_OLS2.csv,437,0,0,0,100000,Ercot_LZ_South.csv,None,slow,10000,myopic,1,FALSE,300,by_price,3,forward,36,none,FALSE,4,10000,
247,Diss,Austin,2016-03-20 00:00,2016-03-28 00:00,players_Austin,722540TYA.tmy3,july,node_149,HVAC_settings_2016-03-21_2016-03-27_90_OLS2.csv,437,0,0,0,100000,Ercot_LZ_South.csv,None,slow,10000,myopic,1,FALSE,300,by_price,3,forward,36,none,FALSE,4,10000,
248,Diss,Austin,2016-04-03 00:00,2016-04-11 00:00,players_Austin,722540TYA.tmy3,july,node_149,HVAC_settings_2016-04-04_2016-04-10_90_OLS2.csv,437,0,0,0,100000,Ercot_LZ_South.csv,None,slow,10000,myopic,1,FALSE,300,by_price,3,forward,36,none,FALSE,4,10000,
249,Diss,Austin,2016-04-10 00:00,2016-04-18 00:00,players_Austin,722540TYA.tmy3,july,node_149,HVAC_settings_2016-04-11_2016-04-17_90_OLS2.csv,437,0,0,0,100000,Ercot_LZ_South.csv,None,slow,10000,myopic,1,FALSE,300,by_price,3,forward,36,none,FALSE,4,10000,
250,Diss,Austin,2016-04-17 00:00,2016-04-25 00:00,players_Austin,722540TYA.tmy3,july,node_149,HVAC_settings_2016-04-18_2016-04-24_90_OLS2.csv,437,0,0,0,100000,Ercot_LZ_South.csv,None,slow,10000,myopic,1,FALSE,300,by_price,3,forward,36,none,FALSE,4,10000,
251,Diss,Austin,2016-04-24 00:00,2016-05-02 00:00,players_Austin,722540TYA.tmy3,july,node_149,HVAC_settings_2016-04-25_2016-05-01_90_OLS2.csv,437,0,0,0,100000,Ercot_LZ_South.csv,None,slow,10000,myopic,1,FALSE,300,by_price,3,forward,36,none,FALSE,4,10000,
252,Diss,Austin,2016-05-01 00:00,2016-05-09 00:00,players_Austin,722540TYA.tmy3,july,node_149,HVAC_settings_2016-05-02_2016-05-08_90_OLS2.csv,437,0,0,0,100000,Ercot_LZ_South.csv,None,slow,10000,myopic,1,FALSE,300,by_price,3,forward,36,none,FALSE,4,10000,
253,Diss,Austin,2016-05-08 00:00,2016-05-16 00:00,players_Austin,722540TYA.tmy3,july,node_149,HVAC_settings_2016-05-09_2016-05-15_90_OLS2.csv,437,0,0,0,100000,Ercot_LZ_South.csv,None,slow,10000,myopic,1,FALSE,300,by_price,3,forward,36,none,FALSE,4,10000,
254,Diss,Austin,2016-05-15 00:00,2016-05-23 00:00,players_Austin,722540TYA.tmy3,july,node_149,HVAC_settings_2016-05-16_2016-05-22_90_OLS2.csv,437,0,0,0,100000,Ercot_LZ_South.csv,None,slow,10000,myopic,1,FALSE,300,by_price,3,forward,36,none,FALSE,4,10000,
255,Diss,Austin,2016-05-22 00:00,2016-05-30 00:00,players_Austin,722540TYA.tmy3,july,node_149,HVAC_settings_2016-05-23_2016-05-29_90_OLS2.csv,437,0,0,0,100000,Ercot_LZ_South.csv,None,slow,10000,myopic,1,FALSE,300,by_price,3,forward,36,none,FALSE,4,10000,
256,Diss,Austin,2016-05-29 00:00,2016-06-06 00:00,players_Austin,722540TYA.tmy3,july,node_149,HVAC_settings_2016-05-30_2016-06-05_90_OLS2.csv,437,0,0,0,100000,Ercot_LZ_South.csv,None,slow,10000,myopic,1,FALSE,300,by_price,3,forward,36,none,FALSE,4,10000,
257,Diss,Austin,2016-06-05 00:00,2016-06-13 00:00,players_Austin,722540TYA.tmy3,july,node_149,HVAC_settings_2016-06-06_2016-06-12_90_OLS2.csv,437,0,0,0,100000,Ercot_LZ_South.csv,None,slow,10000,myopic,1,FALSE,300,by_price,3,forward,36,none,FALSE,4,10000,
258,Diss,Austin,2016-06-12 00:00,2016-06-20 00:00,players_Austin,722540TYA.tmy3,july,node_149,HVAC_settings_2016-06-13_2016-06-19_90_OLS2.csv,437,0,0,0,100000,Ercot_LZ_South.csv,None,slow,10000,myopic,1,FALSE,300,by_price,3,forward,36,none,FALSE,4,10000,
259,Diss,Austin,2016-06-19 00:00,2016-06-27 00:00,players_Austin,722540TYA.tmy3,july,node_149,HVAC_settings_2016-06-20_2016-06-26_90_OLS2.csv,437,0,0,0,100000,Ercot_LZ_South.csv,None,slow,10000,myopic,1,FALSE,300,by_price,3,forward,36,none,FALSE,4,10000,
260,Diss,Austin,2016-06-26 00:00,2016-07-04 00:00,players_Austin,722540TYA.tmy3,july,node_149,HVAC_settings_2016-06-27_2016-07-03_90_OLS2.csv,437,0,0,0,100000,Ercot_LZ_South.csv,None,slow,10000,myopic,1,FALSE,300,by_price,3,forward,36,none,FALSE,4,10000,
261,Diss,Austin,2016-07-03 00:00,2016-07-11 00:00,players_Austin,722540TYA.tmy3,july,node_149,HVAC_settings_2016-07-04_2016-07-10_90_OLS2.csv,437,0,0,0,100000,Ercot_LZ_South.csv,None,slow,10000,myopic,1,FALSE,300,by_price,3,forward,36,none,FALSE,4,10000,
262,Diss,Austin,2016-07-10 00:00,2016-07-18 00:00,players_Austin,722540TYA.tmy3,july,node_149,HVAC_settings_2016-07-11_2016-07-17_90_OLS2.csv,437,0,0,0,100000,Ercot_LZ_South.csv,None,slow,10000,myopic,1,FALSE,300,by_price,3,forward,36,none,FALSE,4,10000,
263,Diss,Austin,2016-07-24 00:00,2016-08-01 00:00,players_Austin,722540TYA.tmy3,july,node_149,HVAC_settings_2016-07-25_2016-07-31_90_OLS2.csv,437,0,0,0,100000,Ercot_LZ_South.csv,None,slow,10000,myopic,1,FALSE,300,by_price,3,forward,36,none,FALSE,4,10000,
264,Diss,Austin,2016-08-07 00:00,2016-08-15 00:00,players_Austin,722540TYA.tmy3,july,node_149,HVAC_settings_2016-08-08_2016-08-14_90_OLS2.csv,437,0,0,0,100000,Ercot_LZ_South.csv,None,slow,10000,myopic,1,FALSE,300,by_price,3,forward,36,none,FALSE,4,10000,
265,Diss,Austin,2016-08-14 00:00,2016-08-22 00:00,players_Austin,722540TYA.tmy3,july,node_149,HVAC_settings_2016-08-15_2016-08-21_90_OLS2.csv,437,0,0,0,100000,Ercot_LZ_South.csv,None,slow,10000,myopic,1,FALSE,300,by_price,3,forward,36,none,FALSE,4,10000,
266,Diss,Austin,2016-08-21 00:00,2016-08-29 00:00,players_Austin,722540TYA.tmy3,july,node_149,HVAC_settings_2016-08-22_2016-08-28_90_OLS2.csv,437,0,0,0,100000,Ercot_LZ_South.csv,None,slow,10000,myopic,1,FALSE,300,by_price,3,forward,36,none,FALSE,4,10000,
267,Diss,Austin,2016-08-28 00:00,2016-09-05 00:00,players_Austin,722540TYA.tmy3,july,node_149,HVAC_settings_2016-08-29_2016-09-04_90_OLS2.csv,437,0,0,0,100000,Ercot_LZ_South.csv,None,slow,10000,myopic,1,FALSE,300,by_price,3,forward,36,none,FALSE,4,10000,
268,Diss,Austin,2016-09-04 00:00,2016-09-12 00:00,players_Austin,722540TYA.tmy3,july,node_149,HVAC_settings_2016-09-05_2016-09-11_90_OLS2.csv,437,0,0,0,100000,Ercot_LZ_South.csv,None,slow,10000,myopic,1,FALSE,300,by_price,3,forward,36,none,FALSE,4,10000,
269,Diss,Austin,2016-09-18 00:00,2016-09-26 00:00,players_Austin,722540TYA.tmy3,july,node_149,HVAC_settings_2016-09-19_2016-09-25_90_OLS2.csv,437,0,0,0,100000,Ercot_LZ_South.csv,None,slow,10000,myopic,1,FALSE,300,by_price,3,forward,36,none,FALSE,4,10000,
270,Diss,Austin,2016-09-25 00:00,2016-10-03 00:00,players_Austin,722540TYA.tmy3,july,node_149,HVAC_settings_2016-09-26_2016-10-02_90_OLS2.csv,437,0,0,0,100000,Ercot_LZ_South.csv,None,slow,10000,myopic,1,FALSE,300,by_price,3,forward,36,none,FALSE,4,10000,
271,Diss,Austin,2016-10-02 00:00,2016-10-10 00:00,players_Austin,722540TYA.tmy3,july,node_149,HVAC_settings_2016-10-03_2016-10-09_90_OLS2.csv,437,0,0,0,100000,Ercot_LZ_South.csv,None,slow,10000,myopic,1,FALSE,300,by_price,3,forward,36,none,FALSE,4,10000,
272,Diss,Austin,2016-10-09 00:00,2016-10-17 00:00,players_Austin,722540TYA.tmy3,july,node_149,HVAC_settings_2016-10-10_2016-10-16_90_OLS2.csv,437,0,0,0,100000,Ercot_LZ_South.csv,None,slow,10000,myopic,1,FALSE,300,by_price,3,forward,36,none,FALSE,4,10000,
273,Diss,Austin,2016-10-16 00:00,2016-10-24 00:00,players_Austin,722540TYA.tmy3,july,node_149,HVAC_settings_2016-10-17_2016-10-23_90_OLS2.csv,437,0,0,0,100000,Ercot_LZ_South.csv,None,slow,10000,myopic,1,FALSE,300,by_price,3,forward,36,none,FALSE,4,10000,
274,Diss,Austin,2016-10-23 00:00,2016-10-31 00:00,players_Austin,722540TYA.tmy3,july,node_149,HVAC_settings_2016-10-24_2016-10-30_90_OLS2.csv,437,0,0,0,100000,Ercot_LZ_South.csv,None,slow,10000,myopic,1,FALSE,300,by_price,3,forward,36,none,FALSE,4,10000,
275,Diss,Austin,2016-10-30 00:00,2016-11-07 00:00,players_Austin,722540TYA.tmy3,july,node_149,HVAC_settings_2016-10-31_2016-11-06_90_OLS2.csv,437,0,0,0,100000,Ercot_LZ_South.csv,None,slow,10000,myopic,1,FALSE,300,by_price,3,forward,36,none,FALSE,4,10000,
276,Diss,Austin,2016-11-06 00:00,2016-11-14 00:00,players_Austin,722540TYA.tmy3,july,node_149,HVAC_settings_2016-11-07_2016-11-13_90_OLS2.csv,437,0,0,0,100000,Ercot_LZ_South.csv,None,slow,10000,myopic,1,FALSE,300,by_price,3,forward,36,none,FALSE,4,10000,
277,Diss,Austin,2016-11-13 00:00,2016-11-21 00:00,players_Austin,722540TYA.tmy3,july,node_149,HVAC_settings_2016-11-14_2016-11-20_90_OLS2.csv,437,0,0,0,100000,Ercot_LZ_South.csv,None,slow,10000,myopic,1,FALSE,300,by_price,3,forward,36,none,FALSE,4,10000,
278,Diss,Austin,2016-11-20 00:00,2016-11-28 00:00,players_Austin,722540TYA.tmy3,july,node_149,HVAC_settings_2016-11-21_2016-11-27_90_OLS2.csv,437,0,0,0,100000,Ercot_LZ_South.csv,None,slow,10000,myopic,1,FALSE,300,by_price,3,forward,36,none,FALSE,4,10000,
279,Diss,Austin,2016-11-27 00:00,2016-12-05 00:00,players_Austin,722540TYA.tmy3,july,node_149,HVAC_settings_2016-11-28_2016-12-04_90_OLS2.csv,437,0,0,0,100000,Ercot_LZ_South.csv,None,slow,10000,myopic,1,FALSE,300,by_price,3,forward,36,none,FALSE,4,10000,
280,Diss,Austin,2016-12-04 00:00,2016-12-12 00:00,players_Austin,722540TYA.tmy3,july,node_149,HVAC_settings_2016-12-05_2016-12-11_90_OLS2.csv,437,0,0,0,100000,Ercot_LZ_South.csv,None,slow,10000,myopic,1,FALSE,300,by_price,3,forward,36,none,FALSE,4,10000,
281,Diss,Austin,2016-07-31 00:00,2016-08-08 00:00,players_Austin,722540TYA.tmy3,july,node_149,HVAC_settings_2016-08-01_2016-08-07_90_OLS2.csv,437,0,0,0,100000,Ercot_LZ_South.csv,None,slow,10000,myopic,1,FALSE,300,by_price,3,forward,36,none,FALSE,4,10000,Use t+1 temperature for bid calc instead of t+1/2
282,Diss,Austin,2016-07-31 00:00,2016-08-08 00:00,players_Austin,722540TYA.tmy3,july,node_149,HVAC_settings_2016-08-01_2016-08-07_90_OLS2.csv,437,0,0,0,100000,Ercot_LZ_South.csv,None,slow,10000,myopic,1,FALSE,300,by_price,3,forward,36,none,FALSE,4,10000,Use t temperature for bid calc instead of t+1/2
283,Diss,Austin,2016-07-31 00:00,2016-08-08 00:00,players_Austin,722540TYA.tmy3,july,node_149,HVAC_settings_2016-08-01_2016-08-07_90_OLS2.csv,437,0,0,0,100000,Ercot_LZ_South.csv,None,slow,10000,myopic,1,FALSE,300,by_price,2,forward,36,none,FALSE,4,10000,Corrected calculation of system mode points
284,Diss,Austin,2016-07-31 00:00,2016-08-08 00:00,players_Austin,722540TYA.tmy3,july,node_149,HVAC_settings_2016-08-01_2016-08-07_90_OLS2.csv,437,0,0,0,100000,Ercot_LZ_South.csv,None,slow,10000,myopic,1,FALSE,300,by_price,1,forward,36,none,FALSE,4,10000,Corrected calculation of system mode points
285,Diss,Austin,2016-07-31 00:00,2016-08-08 00:00,players_Austin,722540TYA.tmy3,july,node_149,HVAC_settings_2016-08-01_2016-08-07_90_OLS2.csv,437,0,0,0,100000,Ercot_LZ_South.csv,None,slow,10000,myopic,1,FALSE,300,by_price,0,forward,36,none,FALSE,4,10000,Corrected calculation of system mode points
286,Diss,Austin,2016-08-28 00:00,2016-09-05 00:00,players_Austin,722540TYA.tmy3,july,node_149,HVAC_settings_2016-08-29_2016-09-04_90_OLS2.csv,437,0,0,0,100000,Ercot_LZ_South.csv,None,slow,10000,myopic,1,FALSE,300,by_price,0,forward,36,none,FALSE,4,10000,Test with worst performing week
287,Diss,Austin,2016-07-31 00:00,2016-08-08 00:00,players_Austin,722540TYA.tmy3,july,node_149,HVAC_settings_2016-08-01_2016-08-07_90_OLS2.csv,437,0,0,0,100000,Ercot_LZ_South.csv,None,slow,10000,myopic,1,FALSE,300,by_price,0,forward,36,none,FALSE,4,10000,Test: are there negative bids for heating?
288,Diss,Austin,2016-07-31 00:00,2016-08-08 00:00,players_Austin,722540TYA.tmy3,july,node_149,HVAC_settings_2016-08-01_2016-08-07_90_OLS2.csv,437,0,0,0,100000,Ercot_LZ_South.csv,None,slow,10000,myopic,1,FALSE,300,by_price,0,forward,36,none,FALSE,4,10000,"With T forecast for t (from t-1), included estimate as state in df_buy_bids"
289,Diss,Austin,2016-07-31 00:00,2016-08-08 00:00,players_Austin,722540TYA.tmy3,july,node_149,HVAC_settings_2016-08-01_2016-08-07_90_OLS2.csv,437,0,0,0,100000,Ercot_LZ_South.csv,None,slow,10000,myopic,1,FALSE,300,by_price,0,forward,36,none,FALSE,4,10000,"Time test (reduce dfs): prev - 111,8 min"
290,Diss,Austin,2016-07-17 00:00,2016-07-25 00:00,players_Austin,722540TYA.tmy3,july,node_149,HVAC_settings_2016-07-18_2016-07-24_90_OLS2.csv,437,0,0,0,100000,Ercot_LZ_South.csv,None,slow,10000,myopic,1,FALSE,300,by_price,0,forward,36,none,FALSE,4,10000,Re-run with corrected T_measured --> forecasted t from t-1 (as measured) to t
291,Diss,Austin,2016-09-11 00:00,2016-09-19 00:00,players_Austin,722540TYA.tmy3,july,node_149,HVAC_settings_2016-09-12_2016-09-18_90_OLS2.csv,437,0,0,0,100000,Ercot_LZ_South.csv,None,slow,10000,myopic,1,FALSE,300,by_price,0,forward,36,none,FALSE,4,10000,
292,Diss,Austin,2016-12-18 00:00,2016-12-26 00:00,players_Austin,722540TYA.tmy3,july,node_149,HVAC_settings_2016-12-19_2016-12-25_90_OLS2.csv,437,0,0,0,100000,Ercot_LZ_South.csv,None,slow,10000,myopic,1,FALSE,300,by_price,0,forward,36,none,FALSE,4,10000,
293,Diss,Austin,2016-12-11 00:00,2016-12-19 00:00,players_Austin,722540TYA.tmy3,july,node_149,HVAC_settings_2016-12-12_2016-12-18_90_OLS2.csv,437,0,0,0,100000,Ercot_LZ_South.csv,None,slow,10000,myopic,1,FALSE,300,by_price,0,forward,36,none,FALSE,4,10000,
294,Diss,Austin,2016-01-17 00:00,2016-01-25 00:00,players_Austin,722540TYA.tmy3,july,node_149,HVAC_settings_2016-01-18_2016-01-24_90_OLS2.csv,437,0,0,0,100000,Ercot_LZ_South.csv,None,slow,10000,myopic,1,FALSE,300,by_price,0,forward,36,none,FALSE,4,10000,
295,Diss,Austin,2016-12-18 00:00,2016-12-26 00:00,players_Austin,722540TYA.tmy3,july,node_149,HVAC_settings_2016-12-19_2016-12-25_90_OLS2.csv,437,0,0,0,2200,Ercot_LZ_South.csv,None,slow,10000,myopic,1,FALSE,300,by_price,0,forward,36,none,FALSE,4,10000,
296,Diss,Austin,2016-12-18 00:00,2016-12-26 00:00,players_Austin,722540TYA.tmy3,july,node_149,HVAC_settings_2016-12-19_2016-12-25_90_OLS2.csv,437,0,0,0,2100,Ercot_LZ_South.csv,None,slow,10000,myopic,1,FALSE,300,by_price,0,forward,36,none,FALSE,4,10000,
297,Diss,Austin,2016-12-18 00:00,2016-12-26 00:00,players_Austin,722540TYA.tmy3,july,node_149,HVAC_settings_2016-12-19_2016-12-25_90_OLS2.csv,437,0,0,0,2000,Ercot_LZ_South.csv,None,slow,10000,myopic,1,FALSE,300,by_price,0,forward,36,none,FALSE,4,10000,
298,Diss,Austin,2016-12-18 00:00,2016-12-26 00:00,players_Austin,722540TYA.tmy3,july,node_149,HVAC_settings_2016-12-19_2016-12-25_90_OLS2.csv,437,0,0,0,1900,Ercot_LZ_South.csv,None,slow,10000,myopic,1,FALSE,300,by_price,0,forward,36,none,FALSE,4,10000,
299,Diss,Austin,2016-12-18 00:00,2016-12-26 00:00,players_Austin,722540TYA.tmy3,july,node_149,HVAC_settings_2016-12-19_2016-12-25_90_OLS2.csv,437,0,0,0,1800,Ercot_LZ_South.csv,None,slow,10000,myopic,1,FALSE,300,by_price,0,forward,36,none,FALSE,4,10000,
300,Diss,Austin,2016-12-18 00:00,2016-12-26 00:00,players_Austin,722540TYA.tmy3,july,node_149,HVAC_settings_2016-12-19_2016-12-25_90_OLS2.csv,437,0,0,0,1700,Ercot_LZ_South.csv,None,slow,10000,myopic,1,FALSE,300,by_price,0,forward,36,none,FALSE,4,10000,
301,Diss,Austin,2016-12-18 00:00,2016-12-26 00:00,players_Austin,722540TYA.tmy3,july,node_149,HVAC_settings_2016-12-19_2016-12-25_90_OLS2.csv,437,0,0,0,1600,Ercot_LZ_South.csv,None,slow,10000,myopic,1,FALSE,300,by_price,0,forward,36,none,FALSE,4,10000,
302,Diss,Austin,2016-12-18 00:00,2016-12-26 00:00,players_Austin,722540TYA.tmy3,july,node_149,HVAC_settings_2016-12-19_2016-12-25_90_OLS2.csv,437,0,0,0,1500,Ercot_LZ_South.csv,None,slow,10000,myopic,1,FALSE,300,by_price,0,forward,36,none,FALSE,4,10000,
303,Diss,Austin,2016-12-11 00:00,2016-12-19 00:00,players_Austin,722540TYA.tmy3,july,node_149,HVAC_settings_2016-12-12_2016-12-18_90_OLS2.csv,437,0,0,0,2200,Ercot_LZ_South.csv,None,slow,10000,myopic,1,FALSE,300,by_price,0,forward,36,none,FALSE,4,10000,
304,Diss,Austin,2016-12-11 00:00,2016-12-19 00:00,players_Austin,722540TYA.tmy3,july,node_149,HVAC_settings_2016-12-12_2016-12-18_90_OLS2.csv,437,0,0,0,2100,Ercot_LZ_South.csv,None,slow,10000,myopic,1,FALSE,300,by_price,0,forward,36,none,FALSE,4,10000,
305,Diss,Austin,2016-12-11 00:00,2016-12-19 00:00,players_Austin,722540TYA.tmy3,july,node_149,HVAC_settings_2016-12-12_2016-12-18_90_OLS2.csv,437,0,0,0,2000,Ercot_LZ_South.csv,None,slow,10000,myopic,1,FALSE,300,by_price,0,forward,36,none,FALSE,4,10000,
306,Diss,Austin,2016-12-11 00:00,2016-12-19 00:00,players_Austin,722540TYA.tmy3,july,node_149,HVAC_settings_2016-12-12_2016-12-18_90_OLS2.csv,437,0,0,0,1900,Ercot_LZ_South.csv,None,slow,10000,myopic,1,FALSE,300,by_price,0,forward,36,none,FALSE,4,10000,
307,Diss,Austin,2016-12-11 00:00,2016-12-19 00:00,players_Austin,722540TYA.tmy3,july,node_149,HVAC_settings_2016-12-12_2016-12-18_90_OLS2.csv,437,0,0,0,1800,Ercot_LZ_South.csv,None,slow,10000,myopic,1,FALSE,300,by_price,0,forward,36,none,FALSE,4,10000,
308,Diss,Austin,2016-12-11 00:00,2016-12-19 00:00,players_Austin,722540TYA.tmy3,july,node_149,HVAC_settings_2016-12-12_2016-12-18_90_OLS2.csv,437,0,0,0,1700,Ercot_LZ_South.csv,None,slow,10000,myopic,1,FALSE,300,by_price,0,forward,36,none,FALSE,4,10000,
309,Diss,Austin,2016-12-11 00:00,2016-12-19 00:00,players_Austin,722540TYA.tmy3,july,node_149,HVAC_settings_2016-12-12_2016-12-18_90_OLS2.csv,437,0,0,0,1600,Ercot_LZ_South.csv,None,slow,10000,myopic,1,FALSE,300,by_price,0,forward,36,none,FALSE,4,10000,
310,Diss,Austin,2016-12-11 00:00,2016-12-19 00:00,players_Austin,722540TYA.tmy3,july,node_149,HVAC_settings_2016-12-12_2016-12-18_90_OLS2.csv,437,0,0,0,1500,Ercot_LZ_South.csv,None,slow,10000,myopic,1,FALSE,300,by_price,0,forward,36,none,FALSE,4,10000,
311,Diss,Austin,2016-01-17 00:00,2016-01-25 00:00,players_Austin,722540TYA.tmy3,july,node_149,HVAC_settings_2016-01-18_2016-01-24_90_OLS2.csv,437,0,0,0,2200,Ercot_LZ_South.csv,None,slow,10000,myopic,1,FALSE,300,by_price,0,forward,36,none,FALSE,4,10000,
312,Diss,Austin,2016-01-17 00:00,2016-01-25 00:00,players_Austin,722540TYA.tmy3,july,node_149,HVAC_settings_2016-01-18_2016-01-24_90_OLS2.csv,437,0,0,0,2100,Ercot_LZ_South.csv,None,slow,10000,myopic,1,FALSE,300,by_price,0,forward,36,none,FALSE,4,10000,
313,Diss,Austin,2016-01-17 00:00,2016-01-25 00:00,players_Austin,722540TYA.tmy3,july,node_149,HVAC_settings_2016-01-18_2016-01-24_90_OLS2.csv,437,0,0,0,2000,Ercot_LZ_South.csv,None,slow,10000,myopic,1,FALSE,300,by_price,0,forward,36,none,FALSE,4,10000,
314,Diss,Austin,2016-01-17 00:00,2016-01-25 00:00,players_Austin,722540TYA.tmy3,july,node_149,HVAC_settings_2016-01-18_2016-01-24_90_OLS2.csv,437,0,0,0,1900,Ercot_LZ_South.csv,None,slow,10000,myopic,1,FALSE,300,by_price,0,forward,36,none,FALSE,4,10000,
315,Diss,Austin,2016-01-17 00:00,2016-01-25 00:00,players_Austin,722540TYA.tmy3,july,node_149,HVAC_settings_2016-01-18_2016-01-24_90_OLS2.csv,437,0,0,0,1800,Ercot_LZ_South.csv,None,slow,10000,myopic,1,FALSE,300,by_price,0,forward,36,none,FALSE,4,10000,
316,Diss,Austin,2016-01-17 00:00,2016-01-25 00:00,players_Austin,722540TYA.tmy3,july,node_149,HVAC_settings_2016-01-18_2016-01-24_90_OLS2.csv,437,0,0,0,1700,Ercot_LZ_South.csv,None,slow,10000,myopic,1,FALSE,300,by_price,0,forward,36,none,FALSE,4,10000,
317,Diss,Austin,2016-01-17 00:00,2016-01-25 00:00,players_Austin,722540TYA.tmy3,july,node_149,HVAC_settings_2016-01-18_2016-01-24_90_OLS2.csv,437,0,0,0,1600,Ercot_LZ_South.csv,None,slow,10000,myopic,1,FALSE,300,by_price,0,forward,36,none,FALSE,4,10000,
318,Diss,Austin,2016-01-17 00:00,2016-01-25 00:00,players_Austin,722540TYA.tmy3,july,node_149,HVAC_settings_2016-01-18_2016-01-24_90_OLS2.csv,437,0,0,0,1500,Ercot_LZ_South.csv,None,slow,10000,myopic,1,FALSE,300,by_price,0,forward,36,none,FALSE,4,10000,
319,Diss,Austin,2016-01-03 00:00,2016-01-11 00:00,players_Austin,722540TYA.tmy3,july,node_149,HVAC_settings_2016-01-04_2016-01-10_90_OLS2.csv,437,0,0,0,100000,Ercot_LZ_South.csv,None,slow,10000,myopic,1,FALSE,300,by_price,0,forward,36,none,FALSE,4,10000,
320,Diss,Austin,2016-01-10 00:00,2016-01-18 00:00,players_Austin,722540TYA.tmy3,july,node_149,HVAC_settings_2016-01-11_2016-01-17_90_OLS2.csv,437,0,0,0,100000,Ercot_LZ_South.csv,None,slow,10000,myopic,1,FALSE,300,by_price,0,forward,36,none,FALSE,4,10000,
321,Diss,Austin,2016-01-24 00:00,2016-02-01 00:00,players_Austin,722540TYA.tmy3,july,node_149,HVAC_settings_2016-01-25_2016-01-31_90_OLS2.csv,437,0,0,0,100000,Ercot_LZ_South.csv,None,slow,10000,myopic,1,FALSE,300,by_price,0,forward,36,none,FALSE,4,10000,
322,Diss,Austin,2016-01-31 00:00,2016-02-08 00:00,players_Austin,722540TYA.tmy3,july,node_149,HVAC_settings_2016-02-01_2016-02-07_90_OLS2.csv,437,0,0,0,100000,Ercot_LZ_South.csv,None,slow,10000,myopic,1,FALSE,300,by_price,0,forward,36,none,FALSE,4,10000,
323,Diss,Austin,2016-02-07 00:00,2016-02-15 00:00,players_Austin,722540TYA.tmy3,july,node_149,HVAC_settings_2016-02-08_2016-02-14_90_OLS2.csv,437,0,0,0,100000,Ercot_LZ_South.csv,None,slow,10000,myopic,1,FALSE,300,by_price,0,forward,36,none,FALSE,4,10000,
324,Diss,Austin,2016-02-14 00:00,2016-02-22 00:00,players_Austin,722540TYA.tmy3,july,node_149,HVAC_settings_2016-02-15_2016-02-21_90_OLS2.csv,437,0,0,0,100000,Ercot_LZ_South.csv,None,slow,10000,myopic,1,FALSE,300,by_price,0,forward,36,none,FALSE,4,10000,
325,Diss,Austin,2016-02-21 00:00,2016-02-29 00:00,players_Austin,722540TYA.tmy3,july,node_149,HVAC_settings_2016-02-22_2016-02-28_90_OLS2.csv,437,0,0,0,100000,Ercot_LZ_South.csv,None,slow,10000,myopic,1,FALSE,300,by_price,0,forward,36,none,FALSE,4,10000,
326,Diss,Austin,2016-02-28 00:00,2016-03-07 00:00,players_Austin,722540TYA.tmy3,july,node_149,HVAC_settings_2016-02-29_2016-03-06_90_OLS2.csv,437,0,0,0,100000,Ercot_LZ_South.csv,None,slow,10000,myopic,1,FALSE,300,by_price,0,forward,36,none,FALSE,4,10000,
327,Diss,Austin,2016-03-06 00:00,2016-03-14 00:00,players_Austin,722540TYA.tmy3,july,node_149,HVAC_settings_2016-03-07_2016-03-13_90_OLS2.csv,437,0,0,0,100000,Ercot_LZ_South.csv,None,slow,10000,myopic,1,FALSE,300,by_price,0,forward,36,none,FALSE,4,10000,
328,Diss,Austin,2016-03-13 00:00,2016-03-21 00:00,players_Austin,722540TYA.tmy3,july,node_149,HVAC_settings_2016-03-14_2016-03-20_90_OLS2.csv,437,0,0,0,100000,Ercot_LZ_South.csv,None,slow,10000,myopic,1,FALSE,300,by_price,0,forward,36,none,FALSE,4,10000,
329,Diss,Austin,2016-03-20 00:00,2016-03-28 00:00,players_Austin,722540TYA.tmy3,july,node_149,HVAC_settings_2016-03-21_2016-03-27_90_OLS2.csv,437,0,0,0,100000,Ercot_LZ_South.csv,None,slow,10000,myopic,1,FALSE,300,by_price,0,forward,36,none,FALSE,4,10000,
330,Diss,Austin,2016-03-27 00:00,2016-04-04 00:00,players_Austin,722540TYA.tmy3,july,node_149,HVAC_settings_2016-03-28_2016-04-03_90_OLS2.csv,437,0,0,0,100000,Ercot_LZ_South.csv,None,slow,10000,myopic,1,FALSE,300,by_price,0,forward,36,none,FALSE,4,10000,
331,Diss,Austin,2016-04-03 00:00,2016-04-11 00:00,players_Austin,722540TYA.tmy3,july,node_149,HVAC_settings_2016-04-04_2016-04-10_90_OLS2.csv,437,0,0,0,100000,Ercot_LZ_South.csv,None,slow,10000,myopic,1,FALSE,300,by_price,0,forward,36,none,FALSE,4,10000,
332,Diss,Austin,2016-04-10 00:00,2016-04-18 00:00,players_Austin,722540TYA.tmy3,july,node_149,HVAC_settings_2016-04-11_2016-04-17_90_OLS2.csv,437,0,0,0,100000,Ercot_LZ_South.csv,None,slow,10000,myopic,1,FALSE,300,by_price,0,forward,36,none,FALSE,4,10000,
333,Diss,Austin,2016-04-17 00:00,2016-04-25 00:00,players_Austin,722540TYA.tmy3,july,node_149,HVAC_settings_2016-04-18_2016-04-24_90_OLS2.csv,437,0,0,0,100000,Ercot_LZ_South.csv,None,slow,10000,myopic,1,FALSE,300,by_price,0,forward,36,none,FALSE,4,10000,
334,Diss,Austin,2016-04-24 00:00,2016-05-02 00:00,players_Austin,722540TYA.tmy3,july,node_149,HVAC_settings_2016-04-25_2016-05-01_90_OLS2.csv,437,0,0,0,100000,Ercot_LZ_South.csv,None,slow,10000,myopic,1,FALSE,300,by_price,0,forward,36,none,FALSE,4,10000,
335,Diss,Austin,2016-05-01 00:00,2016-05-09 00:00,players_Austin,722540TYA.tmy3,july,node_149,HVAC_settings_2016-05-02_2016-05-08_90_OLS2.csv,437,0,0,0,100000,Ercot_LZ_South.csv,None,slow,10000,myopic,1,FALSE,300,by_price,0,forward,36,none,FALSE,4,10000,
336,Diss,Austin,2016-05-08 00:00,2016-05-16 00:00,players_Austin,722540TYA.tmy3,july,node_149,HVAC_settings_2016-05-09_2016-05-15_90_OLS2.csv,437,0,0,0,100000,Ercot_LZ_South.csv,None,slow,10000,myopic,1,FALSE,300,by_price,0,forward,36,none,FALSE,4,10000,
337,Diss,Austin,2016-05-15 00:00,2016-05-23 00:00,players_Austin,722540TYA.tmy3,july,node_149,HVAC_settings_2016-05-16_2016-05-22_90_OLS2.csv,437,0,0,0,100000,Ercot_LZ_South.csv,None,slow,10000,myopic,1,FALSE,300,by_price,0,forward,36,none,FALSE,4,10000,
338,Diss,Austin,2016-05-22 00:00,2016-05-30 00:00,players_Austin,722540TYA.tmy3,july,node_149,HVAC_settings_2016-05-23_2016-05-29_90_OLS2.csv,437,0,0,0,100000,Ercot_LZ_South.csv,None,slow,10000,myopic,1,FALSE,300,by_price,0,forward,36,none,FALSE,4,10000,
339,Diss,Austin,2016-05-29 00:00,2016-06-06 00:00,players_Austin,722540TYA.tmy3,july,node_149,HVAC_settings_2016-05-30_2016-06-05_90_OLS2.csv,437,0,0,0,100000,Ercot_LZ_South.csv,None,slow,10000,myopic,1,FALSE,300,by_price,0,forward,36,none,FALSE,4,10000,
340,Diss,Austin,2016-06-05 00:00,2016-06-13 00:00,players_Austin,722540TYA.tmy3,july,node_149,HVAC_settings_2016-06-06_2016-06-12_90_OLS2.csv,437,0,0,0,100000,Ercot_LZ_South.csv,None,slow,10000,myopic,1,FALSE,300,by_price,0,forward,36,none,FALSE,4,10000,
341,Diss,Austin,2016-06-12 00:00,2016-06-20 00:00,players_Austin,722540TYA.tmy3,july,node_149,HVAC_settings_2016-06-13_2016-06-19_90_OLS2.csv,437,0,0,0,100000,Ercot_LZ_South.csv,None,slow,10000,myopic,1,FALSE,300,by_price,0,forward,36,none,FALSE,4,10000,
342,Diss,Austin,2016-06-19 00:00,2016-06-27 00:00,players_Austin,722540TYA.tmy3,july,node_149,HVAC_settings_2016-06-20_2016-06-26_90_OLS2.csv,437,0,0,0,100000,Ercot_LZ_South.csv,None,slow,10000,myopic,1,FALSE,300,by_price,0,forward,36,none,FALSE,4,10000,
343,Diss,Austin,2016-06-26 00:00,2016-07-04 00:00,players_Austin,722540TYA.tmy3,july,node_149,HVAC_settings_2016-06-27_2016-07-03_90_OLS2.csv,437,0,0,0,100000,Ercot_LZ_South.csv,None,slow,10000,myopic,1,FALSE,300,by_price,0,forward,36,none,FALSE,4,10000,
344,Diss,Austin,2016-07-03 00:00,2016-07-11 00:00,players_Austin,722540TYA.tmy3,july,node_149,HVAC_settings_2016-07-04_2016-07-10_90_OLS2.csv,437,0,0,0,100000,Ercot_LZ_South.csv,None,slow,10000,myopic,1,FALSE,300,by_price,0,forward,36,none,FALSE,4,10000,
345,Diss,Austin,2016-07-10 00:00,2016-07-18 00:00,players_Austin,722540TYA.tmy3,july,node_149,HVAC_settings_2016-07-11_2016-07-17_90_OLS2.csv,437,0,0,0,100000,Ercot_LZ_South.csv,None,slow,10000,myopic,1,FALSE,300,by_price,0,forward,36,none,FALSE,4,10000,
346,Diss,Austin,2016-07-24 00:00,2016-08-01 00:00,players_Austin,722540TYA.tmy3,july,node_149,HVAC_settings_2016-07-25_2016-07-31_90_OLS2.csv,437,0,0,0,100000,Ercot_LZ_South.csv,None,slow,10000,myopic,1,FALSE,300,by_price,0,forward,36,none,FALSE,4,10000,
347,Diss,Austin,2016-08-07 00:00,2016-08-15 00:00,players_Austin,722540TYA.tmy3,july,node_149,HVAC_settings_2016-08-08_2016-08-14_90_OLS2.csv,437,0,0,0,100000,Ercot_LZ_South.csv,None,slow,10000,myopic,1,FALSE,300,by_price,0,forward,36,none,FALSE,4,10000,
348,Diss,Austin,2016-08-14 00:00,2016-08-22 00:00,players_Austin,722540TYA.tmy3,july,node_149,HVAC_settings_2016-08-15_2016-08-21_90_OLS2.csv,437,0,0,0,100000,Ercot_LZ_South.csv,None,slow,10000,myopic,1,FALSE,300,by_price,0,forward,36,none,FALSE,4,10000,
349,Diss,Austin,2016-08-21 00:00,2016-08-29 00:00,players_Austin,722540TYA.tmy3,july,node_149,HVAC_settings_2016-08-22_2016-08-28_90_OLS2.csv,437,0,0,0,100000,Ercot_LZ_South.csv,None,slow,10000,myopic,1,FALSE,300,by_price,0,forward,36,none,FALSE,4,10000,
350,Diss,Austin,2016-08-28 00:00,2016-09-05 00:00,players_Austin,722540TYA.tmy3,july,node_149,HVAC_settings_2016-08-29_2016-09-04_90_OLS2.csv,437,0,0,0,100000,Ercot_LZ_South.csv,None,slow,10000,myopic,1,FALSE,300,by_price,0,forward,36,none,FALSE,4,10000,
351,Diss,Austin,2016-09-04 00:00,2016-09-12 00:00,players_Austin,722540TYA.tmy3,july,node_149,HVAC_settings_2016-09-05_2016-09-11_90_OLS2.csv,437,0,0,0,100000,Ercot_LZ_South.csv,None,slow,10000,myopic,1,FALSE,300,by_price,0,forward,36,none,FALSE,4,10000,
352,Diss,Austin,2016-09-18 00:00,2016-09-26 00:00,players_Austin,722540TYA.tmy3,july,node_149,HVAC_settings_2016-09-19_2016-09-25_90_OLS2.csv,437,0,0,0,100000,Ercot_LZ_South.csv,None,slow,10000,myopic,1,FALSE,300,by_price,0,forward,36,none,FALSE,4,10000,
353,Diss,Austin,2016-09-25 00:00,2016-10-03 00:00,players_Austin,722540TYA.tmy3,july,node_149,HVAC_settings_2016-09-26_2016-10-02_90_OLS2.csv,437,0,0,0,100000,Ercot_LZ_South.csv,None,slow,10000,myopic,1,FALSE,300,by_price,0,forward,36,none,FALSE,4,10000,
354,Diss,Austin,2016-10-02 00:00,2016-10-10 00:00,players_Austin,722540TYA.tmy3,july,node_149,HVAC_settings_2016-10-03_2016-10-09_90_OLS2.csv,437,0,0,0,100000,Ercot_LZ_South.csv,None,slow,10000,myopic,1,FALSE,300,by_price,0,forward,36,none,FALSE,4,10000,
355,Diss,Austin,2016-10-09 00:00,2016-10-17 00:00,players_Austin,722540TYA.tmy3,july,node_149,HVAC_settings_2016-10-10_2016-10-16_90_OLS2.csv,437,0,0,0,100000,Ercot_LZ_South.csv,None,slow,10000,myopic,1,FALSE,300,by_price,0,forward,36,none,FALSE,4,10000,
356,Diss,Austin,2016-10-16 00:00,2016-10-24 00:00,players_Austin,722540TYA.tmy3,july,node_149,HVAC_settings_2016-10-17_2016-10-23_90_OLS2.csv,437,0,0,0,100000,Ercot_LZ_South.csv,None,slow,10000,myopic,1,FALSE,300,by_price,0,forward,36,none,FALSE,4,10000,
357,Diss,Austin,2016-10-23 00:00,2016-10-31 00:00,players_Austin,722540TYA.tmy3,july,node_149,HVAC_settings_2016-10-24_2016-10-30_90_OLS2.csv,437,0,0,0,100000,Ercot_LZ_South.csv,None,slow,10000,myopic,1,FALSE,300,by_price,0,forward,36,none,FALSE,4,10000,
358,Diss,Austin,2016-10-30 00:00,2016-11-07 00:00,players_Austin,722540TYA.tmy3,july,node_149,HVAC_settings_2016-10-31_2016-11-06_90_OLS2.csv,437,0,0,0,100000,Ercot_LZ_South.csv,None,slow,10000,myopic,1,FALSE,300,by_price,0,forward,36,none,FALSE,4,10000,
359,Diss,Austin,2016-11-06 00:00,2016-11-14 00:00,players_Austin,722540TYA.tmy3,july,node_149,HVAC_settings_2016-11-07_2016-11-13_90_OLS2.csv,437,0,0,0,100000,Ercot_LZ_South.csv,None,slow,10000,myopic,1,FALSE,300,by_price,0,forward,36,none,FALSE,4,10000,
360,Diss,Austin,2016-11-13 00:00,2016-11-21 00:00,players_Austin,722540TYA.tmy3,july,node_149,HVAC_settings_2016-11-14_2016-11-20_90_OLS2.csv,437,0,0,0,100000,Ercot_LZ_South.csv,None,slow,10000,myopic,1,FALSE,300,by_price,0,forward,36,none,FALSE,4,10000,
361,Diss,Austin,2016-11-20 00:00,2016-11-28 00:00,players_Austin,722540TYA.tmy3,july,node_149,HVAC_settings_2016-11-21_2016-11-27_90_OLS2.csv,437,0,0,0,100000,Ercot_LZ_South.csv,None,slow,10000,myopic,1,FALSE,300,by_price,0,forward,36,none,FALSE,4,10000,
362,Diss,Austin,2016-11-27 00:00,2016-12-05 00:00,players_Austin,722540TYA.tmy3,july,node_149,HVAC_settings_2016-11-28_2016-12-04_90_OLS2.csv,437,0,0,0,100000,Ercot_LZ_South.csv,None,slow,10000,myopic,1,FALSE,300,by_price,0,forward,36,none,FALSE,4,10000,
363,Diss,Austin,2016-12-04 00:00,2016-12-12 00:00,players_Austin,722540TYA.tmy3,july,node_149,HVAC_settings_2016-12-05_2016-12-11_90_OLS2.csv,437,0,0,0,100000,Ercot_LZ_South.csv,None,slow,10000,myopic,1,FALSE,300,by_price,0,forward,36,none,FALSE,4,10000,
364,Diss,Austin,2016-01-01 00:00,2017-01-01 00:00,players_Austin,722540TYA.tmy3,july,node_149,HVAC_settings_2016-08-01_2016-08-07_90_OLS2.csv,0,0,0,0,100000,Ercot_LZ_South.csv,None,slow,10000,myopic,1,FALSE,300,by_price,0,forward,36,none,FALSE,4,10000,yeal-long sim wo PV/no market; 90 has no base load!!